a,b,theta,phi1,phi2,E,E_p1,E_p2,E_t1,E_t2,E_t3,E_t4,E_m1,E_m2,machine_type,status,file_name,R3,R4
7.7,5.9,26.5,0,1,-42.63421987601488,-9.356933387,-9.36771400901489,-14.23309397,-14.41377292,-12.41656547,-12.45823213,14.8104323,14.80165971,2,Done,mono-C9-BTBT_theta=26.5_R3=-0.3_R4=-0.5_phi1=0_phi2=1_a=7.7_b=5.9_cx=0_cy=0_cz=0.log,-0.3,-0.5
7.7,5.9,26.5,0,-1,-42.420113477395084,-9.356933387,-9.34364900039509,-14.45663186,-14.48452468,-12.12146634,-12.28723566,14.8104323,14.81989515,1,Done,mono-C9-BTBT_theta=26.5_R3=-0.3_R4=-0.5_phi1=0_phi2=-1_a=7.7_b=5.9_cx=0_cy=0_cz=0.log,-0.3,-0.5
7.6,5.8,26.5,0,0,-41.84531431435438,-9.189099562,-9.189099562354388,-14.33827719,-14.40226439,-12.12511218,-12.22232603,14.8104323,14.8104323,1,Done,mono-C9-BTBT_theta=26.5_R3=-0.3_R4=-0.5_phi1=0_phi2=0_a=7.6_b=5.8_cx=0_cy=0_cz=0.log,-0.3,-0.5
7.6,5.8,26.5,0,1,-41.99191948694569,-9.189099562,-9.222188164945694,-14.24326591,-14.37501791,-12.26927005,-12.305169900000001,14.8104323,14.80165971,2,Done,mono-C9-BTBT_theta=26.5_R3=-0.3_R4=-0.5_phi1=0_phi2=1_a=7.6_b=5.8_cx=0_cy=0_cz=0.log,-0.3,-0.5
7.6,5.9,26.5,0,0,-42.44965664422922,-9.356933387,-9.35693338722922,-14.382328400000002,-14.46032161,-12.2064814,-12.30752306,14.8104323,14.8104323,1,Done,mono-C9-BTBT_theta=26.5_R3=-0.3_R4=-0.5_phi1=0_phi2=0_a=7.6_b=5.9_cx=0_cy=0_cz=0.log,-0.3,-0.5
7.6,5.8,26.5,0,-1,-41.63787206629502,-9.189099562,-9.15344444429502,-14.39037308,-14.42417704,-11.977352400000001,-12.13375299,14.8104323,14.81989515,1,Done,mono-C9-BTBT_theta=26.5_R3=-0.3_R4=-0.5_phi1=0_phi2=-1_a=7.6_b=5.8_cx=0_cy=0_cz=0.log,-0.3,-0.5
7.6,5.9,26.5,0,1,-42.56052510601489,-9.356933387,-9.36771400901489,-14.27601565,-14.43027016,-12.35258455,-12.38909936,14.8104323,14.80165971,2,Done,mono-C9-BTBT_theta=26.5_R3=-0.3_R4=-0.5_phi1=0_phi2=1_a=7.6_b=5.9_cx=0_cy=0_cz=0.log,-0.3,-0.5
7.6,6.0,26.5,0,0,-42.50891239952206,-9.317237105,-9.317237104522064,-14.39287056,-14.48342026,-12.25742893,-12.36158304,14.8104323,14.8104323,1,Done,mono-C9-BTBT_theta=26.5_R3=-0.3_R4=-0.5_phi1=0_phi2=0_a=7.6_b=6.0_cx=0_cy=0_cz=0.log,-0.3,-0.5
7.6,5.9,26.5,0,-1,-42.28471563739509,-9.356933387,-9.34364900039509,-14.4498924,-14.48575459,-12.05832629,-12.22048742,14.8104323,14.81989515,1,Done,mono-C9-BTBT_theta=26.5_R3=-0.3_R4=-0.5_phi1=0_phi2=-1_a=7.6_b=5.9_cx=0_cy=0_cz=0.log,-0.3,-0.5
7.6,6.0,26.5,0,1,-42.589942771357585,-9.317237105,-9.31108750635758,-14.27616625,-14.45100309,-12.40469926,-12.44184157,14.8104323,14.80165971,2,Done,mono-C9-BTBT_theta=26.5_R3=-0.3_R4=-0.5_phi1=0_phi2=1_a=7.6_b=6.0_cx=0_cy=0_cz=0.log,-0.3,-0.5
7.7,5.8,26.5,0,0,-42.11560796435438,-9.189099562,-9.189099562354388,-14.35993884,-14.43832111,-12.22876428,-12.33124921,14.8104323,14.8104323,1,Done,mono-C9-BTBT_theta=26.5_R3=-0.3_R4=-0.5_phi1=0_phi2=0_a=7.7_b=5.8_cx=0_cy=0_cz=0.log,-0.3,-0.5
7.6,6.0,26.5,0,-1,-42.38012853460409,-9.317237105,-9.320995889604092,-14.47476062,-14.51189039,-12.109455800000001,-12.27611618,14.8104323,14.81989515,1,Done,mono-C9-BTBT_theta=26.5_R3=-0.3_R4=-0.5_phi1=0_phi2=-1_a=7.6_b=6.0_cx=0_cy=0_cz=0.log,-0.3,-0.5
7.7,5.8,26.5,0,1,-42.23485996694569,-9.189099562,-9.222188164945694,-14.24170341,-14.40320565,-12.37489881,-12.41585638,14.8104323,14.80165971,2,Done,mono-C9-BTBT_theta=26.5_R3=-0.3_R4=-0.5_phi1=0_phi2=1_a=7.7_b=5.8_cx=0_cy=0_cz=0.log,-0.3,-0.5
7.7,5.9,26.5,0,0,-42.54851456422921,-9.356933387,-9.35693338722922,-14.36022122,-14.45089014,-12.26923867,-12.37516236,14.8104323,14.8104323,1,Done,mono-C9-BTBT_theta=26.5_R3=-0.3_R4=-0.5_phi1=0_phi2=0_a=7.7_b=5.9_cx=0_cy=0_cz=0.log,-0.3,-0.5
7.7,5.8,26.5,0,-1,-41.94788082629501,-9.189099562,-9.15344444429502,-14.44398753,-14.46935776,-12.08077232,-12.24154666,14.8104323,14.81989515,1,Done,mono-C9-BTBT_theta=26.5_R3=-0.3_R4=-0.5_phi1=0_phi2=-1_a=7.7_b=5.8_cx=0_cy=0_cz=0.log,-0.3,-0.5
7.7,6.0,26.5,0,1,-42.51036196135759,-9.317237105,-9.31108750635758,-14.19604578,-14.39419461,-12.43072837,-12.4731606,14.8104323,14.80165971,2,Done,mono-C9-BTBT_theta=26.5_R3=-0.3_R4=-0.5_phi1=0_phi2=1_a=7.7_b=6.0_cx=0_cy=0_cz=0.log,-0.3,-0.5
7.7,6.0,26.5,0,0,-42.452474159522055,-9.317237105,-9.317237104522064,-14.33126791,-14.432930800000001,-12.28298114,-12.391684699999999,14.8104323,14.8104323,1,Done,mono-C9-BTBT_theta=26.5_R3=-0.3_R4=-0.5_phi1=0_phi2=0_a=7.7_b=6.0_cx=0_cy=0_cz=0.log,-0.3,-0.5
7.7,6.0,26.5,0,-1,-42.35696086460408,-9.317237105,-9.320995889604092,-14.43908668,-14.46872397,-12.13571082,-12.30553385,14.8104323,14.81989515,1,Done,mono-C9-BTBT_theta=26.5_R3=-0.3_R4=-0.5_phi1=0_phi2=-1_a=7.7_b=6.0_cx=0_cy=0_cz=0.log,-0.3,-0.5
7.8,5.8,26.5,0,1,-42.11934165694569,-9.189099562,-9.222188164945694,-14.15601692,-14.34116374,-12.38896758,-12.433997699999999,14.8104323,14.80165971,2,Done,mono-C9-BTBT_theta=26.5_R3=-0.3_R4=-0.5_phi1=0_phi2=1_a=7.8_b=5.8_cx=0_cy=0_cz=0.log,-0.3,-0.5
7.8,5.8,26.5,0,0,-42.022849444354385,-9.189099562,-9.189099562354388,-14.29258192,-14.38263588,-12.24193571,-12.34836141,14.8104323,14.8104323,1,Done,mono-C9-BTBT_theta=26.5_R3=-0.3_R4=-0.5_phi1=0_phi2=0_a=7.8_b=5.8_cx=0_cy=0_cz=0.log,-0.3,-0.5
7.8,5.9,26.5,0,1,-42.37814560601488,-9.356933387,-9.36771400901489,-14.11337134,-14.31482715,-12.39576351,-12.44162822,14.8104323,14.80165971,2,Done,mono-C9-BTBT_theta=26.5_R3=-0.3_R4=-0.5_phi1=0_phi2=1_a=7.8_b=5.9_cx=0_cy=0_cz=0.log,-0.3,-0.5
7.8,5.8,26.5,0,-1,-41.888411696295016,-9.189099562,-9.15344444429502,-14.40230832,-14.42108969,-12.09455871,-12.25823842,14.8104323,14.81989515,1,Done,mono-C9-BTBT_theta=26.5_R3=-0.3_R4=-0.5_phi1=0_phi2=-1_a=7.8_b=5.8_cx=0_cy=0_cz=0.log,-0.3,-0.5
7.8,6.0,26.5,0,1,-42.127882071357575,-9.317237105,-9.31108750635758,-14.04592029,-14.26220416,-12.37840659,-12.42511843,14.8104323,14.80165971,2,Done,mono-C9-BTBT_theta=26.5_R3=-0.3_R4=-0.5_phi1=0_phi2=1_a=7.8_b=6.0_cx=0_cy=0_cz=0.log,-0.3,-0.5
7.8,5.9,26.5,0,0,-42.31351835422922,-9.356933387,-9.35693338722922,-14.25683895,-14.35764843,-12.24826729,-12.35776151,14.8104323,14.8104323,1,Done,mono-C9-BTBT_theta=26.5_R3=-0.3_R4=-0.5_phi1=0_phi2=0_a=7.8_b=5.9_cx=0_cy=0_cz=0.log,-0.3,-0.5
7.8,5.9,26.5,0,-1,-42.21552010739509,-9.356933387,-9.34364900039509,-14.37634195,-14.39792202,-12.101442500000001,-12.2695587,14.8104323,14.81989515,1,Done,mono-C9-BTBT_theta=26.5_R3=-0.3_R4=-0.5_phi1=0_phi2=-1_a=7.8_b=5.9_cx=0_cy=0_cz=0.log,-0.3,-0.5
7.6,5.8,26.5,0,2,-42.08624050519674,-9.189099562,-9.251260703196749,-14.11836004,-14.34341023,-12.40629313,-12.38177004,14.8104323,14.7935209,2,Done,mono-C9-BTBT_theta=26.5_R3=-0.3_R4=-0.5_phi1=0_phi2=2_a=7.6_b=5.8_cx=0_cy=0_cz=0.log,-0.3,-0.5
7.7,5.9,26.5,0,2,-42.68293348139902,-9.356933387,-9.374955474399028,-14.08527771,-14.37389466,-12.56002053,-12.53580492,14.8104323,14.7935209,1,Done,mono-C9-BTBT_theta=26.5_R3=-0.3_R4=-0.5_phi1=0_phi2=2_a=7.7_b=5.9_cx=0_cy=0_cz=0.log,-0.3,-0.5
7.8,6.0,26.5,0,0,-42.08935922952206,-9.317237105,-9.317237104522064,-14.1956128,-14.30601691,-12.23106724,-12.34305267,14.8104323,14.8104323,1,Done,mono-C9-BTBT_theta=26.5_R3=-0.3_R4=-0.5_phi1=0_phi2=0_a=7.8_b=6.0_cx=0_cy=0_cz=0.log,-0.3,-0.5
7.8,6.0,26.5,0,-1,-42.02132458460408,-9.317237105,-9.320995889604092,-14.32407664,-14.34774632,-12.08485741,-12.25673867,14.8104323,14.81989515,2,Done,mono-C9-BTBT_theta=26.5_R3=-0.3_R4=-0.5_phi1=0_phi2=-1_a=7.8_b=6.0_cx=0_cy=0_cz=0.log,-0.3,-0.5
7.6,5.9,26.5,0,2,-42.62510843139903,-9.356933387,-9.374955474399028,-14.14295843,-14.39647247,-12.49306521,-12.46467666,14.8104323,14.7935209,1,Done,mono-C9-BTBT_theta=26.5_R3=-0.3_R4=-0.5_phi1=0_phi2=2_a=7.6_b=5.9_cx=0_cy=0_cz=0.log,-0.3,-0.5
7.6,5.8,26.5,0,-2,-41.35662207413745,-9.189099562,-9.116885712137446,-14.38205229,-14.43961378,-11.82923494,-12.040304199999998,14.8104323,14.83013611,1,Done,mono-C9-BTBT_theta=26.5_R3=-0.3_R4=-0.5_phi1=0_phi2=-2_a=7.6_b=5.8_cx=0_cy=0_cz=0.log,-0.3,-0.5
7.7,5.9,26.5,0,-2,-42.237922224968344,-9.356933387,-9.329078217968343,-14.50867126,-14.51379174,-11.97484236,-12.19517367,14.8104323,14.83013611,2,Done,mono-C9-BTBT_theta=26.5_R3=-0.3_R4=-0.5_phi1=0_phi2=-2_a=7.7_b=5.9_cx=0_cy=0_cz=0.log,-0.3,-0.5
7.6,6.0,26.5,0,2,-42.63051130364954,-9.317237105,-9.301825458649548,-14.13572952,-14.41540445,-12.54790331,-12.51636466,14.8104323,14.7935209,1,Done,mono-C9-BTBT_theta=26.5_R3=-0.3_R4=-0.5_phi1=0_phi2=2_a=7.6_b=6.0_cx=0_cy=0_cz=0.log,-0.3,-0.5
7.7,5.9,26.5,1,0,-42.63945331622922,-9.367714009,-9.35693338722922,-14.32027393,-14.33992127,-12.35036317,-12.51633956,14.80165971,14.8104323,1,Done,mono-C9-BTBT_theta=26.5_R3=-0.3_R4=-0.5_phi1=1_phi2=0_a=7.7_b=5.9_cx=0_cy=0_cz=0.log,-0.3,-0.5
7.6,5.9,26.5,0,-2,-42.05302011496835,-9.356933387,-9.329078217968343,-14.4625179,-14.50555881,-11.91071083,-12.12878938,14.8104323,14.83013611,2,Done,mono-C9-BTBT_theta=26.5_R3=-0.3_R4=-0.5_phi1=0_phi2=-2_a=7.6_b=5.9_cx=0_cy=0_cz=0.log,-0.3,-0.5
7.7,5.8,26.5,0,2,-42.31178641519675,-9.189099562,-9.251260703196749,-14.10016225,-14.36481459,-12.51566812,-12.49473439,14.8104323,14.7935209,1,Done,mono-C9-BTBT_theta=26.5_R3=-0.3_R4=-0.5_phi1=0_phi2=2_a=7.7_b=5.8_cx=0_cy=0_cz=0.log,-0.3,-0.5
7.6,6.0,26.5,0,-2,-42.190909179891314,-9.317237105,-9.323229824891314,-14.50690796,-14.53549104,-11.96244276,-12.1861689,14.8104323,14.83013611,2,Done,mono-C9-BTBT_theta=26.5_R3=-0.3_R4=-0.5_phi1=0_phi2=-2_a=7.6_b=6.0_cx=0_cy=0_cz=0.log,-0.3,-0.5
7.6,5.8,26.5,1,0,-41.999537447354385,-9.222188165,-9.189099562354388,-14.30675737,-14.32892102,-12.20654415,-12.35811919,14.80165971,14.8104323,1,Done,mono-C9-BTBT_theta=26.5_R3=-0.3_R4=-0.5_phi1=1_phi2=0_a=7.6_b=5.8_cx=0_cy=0_cz=0.log,-0.3,-0.5
7.7,6.0,26.5,0,2,-42.53640362364955,-9.317237105,-9.301825458649548,-14.04261331,-14.35316173,-12.57615381,-12.54936541,14.8104323,14.7935209,1,Done,mono-C9-BTBT_theta=26.5_R3=-0.3_R4=-0.5_phi1=0_phi2=2_a=7.7_b=6.0_cx=0_cy=0_cz=0.log,-0.3,-0.5
7.7,5.8,26.5,0,-2,-41.72096065413744,-9.189099562,-9.116885712137446,-14.47908416,-14.49532412,-11.9335271,-12.14760841,14.8104323,14.83013611,2,Done,mono-C9-BTBT_theta=26.5_R3=-0.3_R4=-0.5_phi1=0_phi2=-2_a=7.7_b=5.8_cx=0_cy=0_cz=0.log,-0.3,-0.5
7.6,5.9,26.5,1,0,-42.56750302622922,-9.367714009,-9.35693338722922,-14.34873779,-14.37353071,-12.28650775,-12.44617139,14.80165971,14.8104323,1,Done,mono-C9-BTBT_theta=26.5_R3=-0.3_R4=-0.5_phi1=1_phi2=0_a=7.6_b=5.9_cx=0_cy=0_cz=0.log,-0.3,-0.5
7.8,5.8,26.5,0,2,-42.18212403519675,-9.189099562,-9.251260703196749,-14.00164318,-14.29731962,-12.53233479,-12.51441938,14.8104323,14.7935209,1,Done,mono-C9-BTBT_theta=26.5_R3=-0.3_R4=-0.5_phi1=0_phi2=2_a=7.8_b=5.8_cx=0_cy=0_cz=0.log,-0.3,-0.5
7.7,6.0,26.5,0,-2,-42.2126398398913,-9.317237105,-9.323229824891314,-14.50685148,-14.50080856,-11.98976454,-12.21531674,14.8104323,14.83013611,2,Done,mono-C9-BTBT_theta=26.5_R3=-0.3_R4=-0.5_phi1=0_phi2=-2_a=7.7_b=6.0_cx=0_cy=0_cz=0.log,-0.3,-0.5
7.6,6.0,26.5,1,0,-42.596312010522055,-9.311087506,-9.317237104522064,-14.35757313,-14.38422348,-12.33599319,-12.50228961,14.80165971,14.8104323,1,Done,mono-C9-BTBT_theta=26.5_R3=-0.3_R4=-0.5_phi1=1_phi2=0_a=7.6_b=6.0_cx=0_cy=0_cz=0.log,-0.3,-0.5
7.8,5.8,26.5,0,-2,-41.70665343413745,-9.189099562,-9.116885712137446,-14.47279024,-14.45569687,-11.94846811,-12.16428135,14.8104323,14.83013611,2,Done,mono-C9-BTBT_theta=26.5_R3=-0.3_R4=-0.5_phi1=0_phi2=-2_a=7.8_b=5.8_cx=0_cy=0_cz=0.log,-0.3,-0.5
7.8,5.9,26.5,0,2,-42.41386349139903,-9.356933387,-9.374955474399028,-13.95426618,-14.27006686,-12.54110111,-12.52049368,14.8104323,14.7935209,1,Done,mono-C9-BTBT_theta=26.5_R3=-0.3_R4=-0.5_phi1=0_phi2=2_a=7.8_b=5.9_cx=0_cy=0_cz=0.log,-0.3,-0.5
7.7,5.8,26.5,1,0,-42.240595417354385,-9.222188165,-9.189099562354388,-14.32135953,-14.33808894,-12.3115454,-12.47040583,14.80165971,14.8104323,1,Done,mono-C9-BTBT_theta=26.5_R3=-0.3_R4=-0.5_phi1=1_phi2=0_a=7.7_b=5.8_cx=0_cy=0_cz=0.log,-0.3,-0.5
7.8,5.9,26.5,0,-2,-42.074311544968346,-9.356933387,-9.329078217968343,-14.46042202,-14.43493883,-11.95599196,-12.17751554,14.8104323,14.83013611,2,Done,mono-C9-BTBT_theta=26.5_R3=-0.3_R4=-0.5_phi1=0_phi2=-2_a=7.8_b=5.9_cx=0_cy=0_cz=0.log,-0.3,-0.5
7.8,6.0,26.5,0,2,-42.14194455364955,-9.317237105,-9.301825458649548,-13.88265473,-14.21681008,-12.52499292,-12.50237746,14.8104323,14.7935209,1,Done,mono-C9-BTBT_theta=26.5_R3=-0.3_R4=-0.5_phi1=0_phi2=2_a=7.8_b=6.0_cx=0_cy=0_cz=0.log,-0.3,-0.5
7.7,6.0,26.5,1,0,-42.51508084052206,-9.311087506,-9.317237104522064,-14.29028523,-14.31209748,-12.36238626,-12.53407927,14.80165971,14.8104323,1,Done,mono-C9-BTBT_theta=26.5_R3=-0.3_R4=-0.5_phi1=1_phi2=0_a=7.7_b=6.0_cx=0_cy=0_cz=0.log,-0.3,-0.5
7.8,6.0,26.5,0,-2,-41.91411450989131,-9.317237105,-9.323229824891314,-14.42073828,-14.38673352,-11.94015988,-12.16658431,14.8104323,14.83013611,2,Done,mono-C9-BTBT_theta=26.5_R3=-0.3_R4=-0.5_phi1=0_phi2=-2_a=7.8_b=6.0_cx=0_cy=0_cz=0.log,-0.3,-0.5
7.6,5.8,26.5,1,1,-42.125202599945695,-9.222188165,-9.222188164945694,-14.20192555,-14.29051741,-12.35089027,-12.44081246,14.80165971,14.80165971,1,Done,mono-C9-BTBT_theta=26.5_R3=-0.3_R4=-0.5_phi1=1_phi2=1_a=7.6_b=5.8_cx=0_cy=0_cz=0.log,-0.3,-0.5
7.7,5.9,26.5,1,1,-42.7121440780149,-9.367714009,-9.36771400901489,-14.18645743,-14.29511078,-12.49853083,-12.59993644,14.80165971,14.80165971,2,Done,mono-C9-BTBT_theta=26.5_R3=-0.3_R4=-0.5_phi1=1_phi2=1_a=7.7_b=5.9_cx=0_cy=0_cz=0.log,-0.3,-0.5
7.8,5.8,26.5,1,0,-42.12356479735439,-9.222188165,-9.189099562354388,-14.24834246,-14.26095541,-12.32541337,-12.48965784,14.80165971,14.8104323,1,Done,mono-C9-BTBT_theta=26.5_R3=-0.3_R4=-0.5_phi1=1_phi2=0_a=7.8_b=5.8_cx=0_cy=0_cz=0.log,-0.3,-0.5
7.7,5.9,26.5,1,-1,-42.52805773939509,-9.367714009,-9.34364900039509,-14.42719536,-14.38276138,-12.20110364,-12.42718921,14.80165971,14.81989515,1,Done,mono-C9-BTBT_theta=26.5_R3=-0.3_R4=-0.5_phi1=1_phi2=-1_a=7.7_b=5.9_cx=0_cy=0_cz=0.log,-0.3,-0.5
7.6,5.9,26.5,1,1,-42.65999798801491,-9.367714009,-9.36771400901489,-14.23370893,-14.33357714,-12.43289328,-12.52771004,14.80165971,14.80165971,2,Done,mono-C9-BTBT_theta=26.5_R3=-0.3_R4=-0.5_phi1=1_phi2=1_a=7.6_b=5.9_cx=0_cy=0_cz=0.log,-0.3,-0.5
7.8,5.9,26.5,1,0,-42.38195457622922,-9.367714009,-9.35693338722922,-14.21180255,-14.22745893,-12.32988751,-12.5002502,14.80165971,14.8104323,1,Done,mono-C9-BTBT_theta=26.5_R3=-0.3_R4=-0.5_phi1=1_phi2=0_a=7.8_b=5.9_cx=0_cy=0_cz=0.log,-0.3,-0.5
7.6,5.8,26.5,1,-1,-41.81897771929503,-9.222188165,-9.15344444429502,-14.37370641,-14.36402393,-12.05805646,-12.26911317,14.80165971,14.81989515,1,Done,mono-C9-BTBT_theta=26.5_R3=-0.3_R4=-0.5_phi1=1_phi2=-1_a=7.6_b=5.8_cx=0_cy=0_cz=0.log,-0.3,-0.5
7.6,6.0,26.5,1,1,-42.66147892235759,-9.311087506,-9.31108750635758,-14.23318182,-14.343065099999999,-12.48370904,-12.58266737,14.80165971,14.80165971,2,Done,mono-C9-BTBT_theta=26.5_R3=-0.3_R4=-0.5_phi1=1_phi2=1_a=7.6_b=6.0_cx=0_cy=0_cz=0.log,-0.3,-0.5
7.8,6.0,26.5,1,0,-42.131201600522076,-9.311087506,-9.317237104522064,-14.150074400000001,-14.16807766,-12.31078611,-12.48603083,14.80165971,14.8104323,1,Done,mono-C9-BTBT_theta=26.5_R3=-0.3_R4=-0.5_phi1=1_phi2=0_a=7.8_b=6.0_cx=0_cy=0_cz=0.log,-0.3,-0.5
7.6,5.9,26.5,1,-1,-42.42609364939509,-9.367714009,-9.34364900039509,-14.42959873,-14.41071695,-12.13742392,-12.358545900000001,14.80165971,14.81989515,1,Done,mono-C9-BTBT_theta=26.5_R3=-0.3_R4=-0.5_phi1=1_phi2=-1_a=7.6_b=5.9_cx=0_cy=0_cz=0.log,-0.3,-0.5
7.7,5.8,26.5,1,1,-42.344686769945696,-9.222188165,-9.222188164945694,-14.19554377,-14.29425737,-12.45841411,-12.55541461,14.80165971,14.80165971,2,Done,mono-C9-BTBT_theta=26.5_R3=-0.3_R4=-0.5_phi1=1_phi2=1_a=7.7_b=5.8_cx=0_cy=0_cz=0.log,-0.3,-0.5
7.6,5.8,26.5,1,2,-42.20278794819674,-9.222188165,-9.251260703196749,-14.07075086,-14.24947198,-12.48761843,-12.51667842,14.80165971,14.7935209,1,Done,mono-C9-BTBT_theta=26.5_R3=-0.3_R4=-0.5_phi1=1_phi2=2_a=7.6_b=5.8_cx=0_cy=0_cz=0.log,-0.3,-0.5
7.7,5.9,26.5,1,2,-42.75078614339904,-9.367714009,-9.374955474399028,-14.03463138,-14.24880682,-12.64238122,-12.67747785,14.80165971,14.7935209,1,Done,mono-C9-BTBT_theta=26.5_R3=-0.3_R4=-0.5_phi1=1_phi2=2_a=7.7_b=5.9_cx=0_cy=0_cz=0.log,-0.3,-0.5
7.7,6.0,26.5,1,1,-42.56209388235759,-9.311087506,-9.31108750635758,-14.14918961,-14.26661555,-12.511162599999999,-12.61627053,14.80165971,14.80165971,2,Done,mono-C9-BTBT_theta=26.5_R3=-0.3_R4=-0.5_phi1=1_phi2=1_a=7.7_b=6.0_cx=0_cy=0_cz=0.log,-0.3,-0.5
7.6,6.0,26.5,1,-1,-42.487853175604094,-9.311087506,-9.320995889604092,-14.45132312,-14.423078899999998,-12.18688426,-12.41603836,14.80165971,14.81989515,1,Done,mono-C9-BTBT_theta=26.5_R3=-0.3_R4=-0.5_phi1=1_phi2=-1_a=7.6_b=6.0_cx=0_cy=0_cz=0.log,-0.3,-0.5
7.8,5.8,26.5,1,1,-42.20981603994571,-9.222188165,-9.222188164945694,-14.10603574,-14.21278775,-12.47369398,-12.57624166,14.80165971,14.80165971,2,Done,mono-C9-BTBT_theta=26.5_R3=-0.3_R4=-0.5_phi1=1_phi2=1_a=7.8_b=5.8_cx=0_cy=0_cz=0.log,-0.3,-0.5
7.6,5.9,26.5,1,2,-42.710035643399024,-9.367714009,-9.374955474399028,-14.09516727,-14.29143357,-12.57323589,-12.60271004,14.80165971,14.7935209,1,Done,mono-C9-BTBT_theta=26.5_R3=-0.3_R4=-0.5_phi1=1_phi2=2_a=7.6_b=5.9_cx=0_cy=0_cz=0.log,-0.3,-0.5
7.8,5.9,26.5,1,1,-42.4382108580149,-9.367714009,-9.36771400901489,-14.06332741,-14.17878925,-12.47875799,-12.58522761,14.80165971,14.80165971,2,Done,mono-C9-BTBT_theta=26.5_R3=-0.3_R4=-0.5_phi1=1_phi2=1_a=7.8_b=5.9_cx=0_cy=0_cz=0.log,-0.3,-0.5
7.7,5.8,26.5,1,-1,-42.09269129929502,-9.222188165,-9.15344444429502,-14.41719285,-14.37952343,-12.16224194,-12.37965533,14.80165971,14.81989515,1,Done,mono-C9-BTBT_theta=26.5_R3=-0.3_R4=-0.5_phi1=1_phi2=-1_a=7.7_b=5.8_cx=0_cy=0_cz=0.log,-0.3,-0.5
7.6,6.0,26.5,1,2,-42.689497244649544,-9.311087506,-9.301825458649548,-14.08799483,-14.30011831,-12.626888000000001,-12.65676375,14.80165971,14.7935209,1,Done,mono-C9-BTBT_theta=26.5_R3=-0.3_R4=-0.5_phi1=1_phi2=2_a=7.6_b=6.0_cx=0_cy=0_cz=0.log,-0.3,-0.5
7.8,6.0,26.5,1,1,-42.16311674235759,-9.311087506,-9.31108750635758,-13.99604579,-14.11916325,-12.45965658,-12.56939553,14.80165971,14.80165971,2,Done,mono-C9-BTBT_theta=26.5_R3=-0.3_R4=-0.5_phi1=1_phi2=1_a=7.8_b=6.0_cx=0_cy=0_cz=0.log,-0.3,-0.5
7.7,6.0,26.5,1,-1,-42.434006545604085,-9.311087506,-9.320995889604092,-14.40741625,-14.3559918,-12.21352834,-12.44654162,14.80165971,14.81989515,1,Done,mono-C9-BTBT_theta=26.5_R3=-0.3_R4=-0.5_phi1=1_phi2=-1_a=7.7_b=6.0_cx=0_cy=0_cz=0.log,-0.3,-0.5
7.7,5.8,26.5,1,2,-42.409822318196746,-9.222188165,-9.251260703196749,-14.04934649,-14.24857464,-12.59948464,-12.63414829,14.80165971,14.7935209,1,Done,mono-C9-BTBT_theta=26.5_R3=-0.3_R4=-0.5_phi1=1_phi2=2_a=7.7_b=5.8_cx=0_cy=0_cz=0.log,-0.3,-0.5
7.6,5.8,26.5,1,-2,-41.57254825713744,-9.222188165,-9.116885712137446,-14.38714767,-14.39501665,-11.90857102,-12.17453486,14.80165971,14.83013611,2,Done,mono-C9-BTBT_theta=26.5_R3=-0.3_R4=-0.5_phi1=1_phi2=-2_a=7.6_b=5.8_cx=0_cy=0_cz=0.log,-0.3,-0.5
7.7,5.9,26.5,1,-2,-42.369115736968354,-9.367714009,-9.329078217968343,-14.49506684,-14.42303497,-12.05274145,-12.33327607,14.80165971,14.83013611,1,Done,mono-C9-BTBT_theta=26.5_R3=-0.3_R4=-0.5_phi1=1_phi2=-2_a=7.7_b=5.9_cx=0_cy=0_cz=0.log,-0.3,-0.5
7.8,5.8,26.5,1,-1,-42.00296991929502,-9.222188165,-9.15344444429502,-14.36726188,-14.30746645,-12.17626052,-12.39790332,14.80165971,14.81989515,1,Done,mono-C9-BTBT_theta=26.5_R3=-0.3_R4=-0.5_phi1=1_phi2=-1_a=7.8_b=5.8_cx=0_cy=0_cz=0.log,-0.3,-0.5
7.7,6.0,26.5,1,2,-42.57976456464954,-9.311087506,-9.301825458649548,-13.99236858,-14.21997901,-12.65705868,-12.69262594,14.80165971,14.7935209,2,Done,mono-C9-BTBT_theta=26.5_R3=-0.3_R4=-0.5_phi1=1_phi2=2_a=7.7_b=6.0_cx=0_cy=0_cz=0.log,-0.3,-0.5
7.6,5.9,26.5,1,-2,-42.225070816968355,-9.367714009,-9.329078217968343,-14.46183391,-14.44440796,-11.98832755,-12.26550499,14.80165971,14.83013611,1,Done,mono-C9-BTBT_theta=26.5_R3=-0.3_R4=-0.5_phi1=1_phi2=-2_a=7.6_b=5.9_cx=0_cy=0_cz=0.log,-0.3,-0.5
7.8,5.9,26.5,1,-1,-42.29558410939509,-9.367714009,-9.34364900039509,-14.33946319,-14.27482338,-12.18120529,-12.4102841,14.80165971,14.81989515,1,Done,mono-C9-BTBT_theta=26.5_R3=-0.3_R4=-0.5_phi1=1_phi2=-1_a=7.8_b=5.9_cx=0_cy=0_cz=0.log,-0.3,-0.5
7.8,5.8,26.5,1,2,-42.26497417819675,-9.222188165,-9.251260703196749,-13.94837386,-14.16342153,-12.61787068,-12.65703985,14.80165971,14.7935209,2,Done,mono-C9-BTBT_theta=26.5_R3=-0.3_R4=-0.5_phi1=1_phi2=2_a=7.8_b=5.8_cx=0_cy=0_cz=0.log,-0.3,-0.5
7.6,6.0,26.5,1,-2,-42.32559791089132,-9.311087506,-9.323229824891314,-14.50107211,-14.45900384,-12.03839657,-12.32460388,14.80165971,14.83013611,1,Done,mono-C9-BTBT_theta=26.5_R3=-0.3_R4=-0.5_phi1=1_phi2=-2_a=7.6_b=6.0_cx=0_cy=0_cz=0.log,-0.3,-0.5
7.8,6.0,26.5,1,-1,-42.07286826560409,-9.311087506,-9.320995889604092,-14.28571696,-14.21599432,-12.16276278,-12.39786567,14.80165971,14.81989515,1,Done,mono-C9-BTBT_theta=26.5_R3=-0.3_R4=-0.5_phi1=1_phi2=-1_a=7.8_b=6.0_cx=0_cy=0_cz=0.log,-0.3,-0.5
7.8,5.9,26.5,1,2,-42.46771010339903,-9.367714009,-9.374955474399028,-13.90146748,-14.12919714,-12.62496154,-12.66459507,14.80165971,14.7935209,2,Done,mono-C9-BTBT_theta=26.5_R3=-0.3_R4=-0.5_phi1=1_phi2=2_a=7.8_b=5.9_cx=0_cy=0_cz=0.log,-0.3,-0.5
7.7,5.8,26.5,1,-2,-41.89228970713745,-9.222188165,-9.116885712137446,-14.46990369,-14.41790194,-12.01322714,-12.28397888,14.80165971,14.83013611,1,Done,mono-C9-BTBT_theta=26.5_R3=-0.3_R4=-0.5_phi1=1_phi2=-2_a=7.7_b=5.8_cx=0_cy=0_cz=0.log,-0.3,-0.5
7.8,6.0,26.5,1,2,-42.17237880464954,-9.311087506,-9.301825458649548,-13.83050865,-14.06960879,-12.60719046,-12.64733855,14.80165971,14.7935209,2,Done,mono-C9-BTBT_theta=26.5_R3=-0.3_R4=-0.5_phi1=1_phi2=2_a=7.8_b=6.0_cx=0_cy=0_cz=0.log,-0.3,-0.5
7.6,5.8,26.5,-1,0,-41.62282436635438,-9.153444444,-9.189099562354388,-14.36522875,-14.42664943,-12.03812674,-12.08060289,14.81989515,14.8104323,1,Done,mono-C9-BTBT_theta=26.5_R3=-0.3_R4=-0.5_phi1=-1_phi2=0_a=7.6_b=5.8_cx=0_cy=0_cz=0.log,-0.3,-0.5
7.7,5.9,26.5,-1,0,-42.40891241722921,-9.343649000000001,-9.35693338722922,-14.39725686,-14.52632939,-12.18335138,-12.23171985,14.81989515,14.8104323,2,Done,mono-C9-BTBT_theta=26.5_R3=-0.3_R4=-0.5_phi1=-1_phi2=0_a=7.7_b=5.9_cx=0_cy=0_cz=0.log,-0.3,-0.5
7.7,6.0,26.5,1,-2,-42.31007332089132,-9.311087506,-9.323229824891314,-14.48936278,-14.39777769,-12.06598818,-12.35442316,14.80165971,14.83013611,1,Done,mono-C9-BTBT_theta=26.5_R3=-0.3_R4=-0.5_phi1=1_phi2=-2_a=7.7_b=6.0_cx=0_cy=0_cz=0.log,-0.3,-0.5
7.7,5.9,26.5,-1,1,-42.51176129901489,-9.343649000000001,-9.36771400901489,-14.27818056,-14.50107211,-12.32916588,-12.313534599999999,14.81989515,14.80165971,1,Done,mono-C9-BTBT_theta=26.5_R3=-0.3_R4=-0.5_phi1=-1_phi2=1_a=7.7_b=5.9_cx=0_cy=0_cz=0.log,-0.3,-0.5
7.6,5.9,26.5,-1,0,-42.270797477229216,-9.343649000000001,-9.35693338722922,-14.41199707,-14.50273502,-12.12114004,-12.16467041,14.81989515,14.8104323,2,Done,mono-C9-BTBT_theta=26.5_R3=-0.3_R4=-0.5_phi1=-1_phi2=0_a=7.6_b=5.9_cx=0_cy=0_cz=0.log,-0.3,-0.5
7.8,5.8,26.5,1,-2,-41.84100331713745,-9.222188165,-9.116885712137446,-14.4518565,-14.35179376,-12.02824973,-12.30182527,14.80165971,14.83013611,1,Done,mono-C9-BTBT_theta=26.5_R3=-0.3_R4=-0.5_phi1=1_phi2=-2_a=7.8_b=5.8_cx=0_cy=0_cz=0.log,-0.3,-0.5
7.6,5.8,26.5,-1,1,-41.796468938945694,-9.153444444,-9.222188164945694,-14.2818766,-14.41600058,-12.18146885,-12.16304516,14.81989515,14.80165971,1,Done,mono-C9-BTBT_theta=26.5_R3=-0.3_R4=-0.5_phi1=-1_phi2=1_a=7.6_b=5.8_cx=0_cy=0_cz=0.log,-0.3,-0.5
7.6,6.0,26.5,-1,0,-42.36737753452206,-9.32099589,-9.317237104522064,-14.42482337,-14.54261328,-12.1737944,-12.21824094,14.81989515,14.8104323,2,Done,mono-C9-BTBT_theta=26.5_R3=-0.3_R4=-0.5_phi1=-1_phi2=0_a=7.6_b=6.0_cx=0_cy=0_cz=0.log,-0.3,-0.5
7.8,5.9,26.5,1,-2,-42.17169481696834,-9.367714009,-9.329078217968343,-14.43618758,-14.32040571,-12.033978900000001,-12.31612622,14.80165971,14.83013611,1,Done,mono-C9-BTBT_theta=26.5_R3=-0.3_R4=-0.5_phi1=1_phi2=-2_a=7.8_b=5.9_cx=0_cy=0_cz=0.log,-0.3,-0.5
7.6,5.9,26.5,-1,1,-42.40534815901488,-9.343649000000001,-9.36771400901489,-14.31605707,-14.48756182,-12.2663082,-12.24561292,14.81989515,14.80165971,1,Done,mono-C9-BTBT_theta=26.5_R3=-0.3_R4=-0.5_phi1=-1_phi2=1_a=7.6_b=5.9_cx=0_cy=0_cz=0.log,-0.3,-0.5
7.7,5.8,26.5,-1,0,-41.93565064635438,-9.153444444,-9.189099562354388,-14.3950794,-14.49914566,-12.141007,-12.18820203,14.81989515,14.8104323,2,Done,mono-C9-BTBT_theta=26.5_R3=-0.3_R4=-0.5_phi1=-1_phi2=0_a=7.7_b=5.8_cx=0_cy=0_cz=0.log,-0.3,-0.5
7.8,6.0,26.5,1,-2,-41.98078117089132,-9.311087506,-9.323229824891314,-14.39365495,-14.26249281,-12.01648392,-12.30562798,14.80165971,14.83013611,1,Done,mono-C9-BTBT_theta=26.5_R3=-0.3_R4=-0.5_phi1=1_phi2=-2_a=7.8_b=6.0_cx=0_cy=0_cz=0.log,-0.3,-0.5
7.6,6.0,26.5,-1,1,-42.468889836357576,-9.32099589,-9.31108750635758,-14.31729954,-14.52346167,-12.31996031,-12.29763978,14.81989515,14.80165971,1,Done,mono-C9-BTBT_theta=26.5_R3=-0.3_R4=-0.5_phi1=-1_phi2=1_a=7.6_b=6.0_cx=0_cy=0_cz=0.log,-0.3,-0.5
7.7,6.0,26.5,-1,0,-42.34687050452206,-9.32099589,-9.317237104522064,-14.36984095,-14.52189917,-12.19898265,-12.24824219,14.81989515,14.8104323,2,Done,mono-C9-BTBT_theta=26.5_R3=-0.3_R4=-0.5_phi1=-1_phi2=0_a=7.7_b=6.0_cx=0_cy=0_cz=0.log,-0.3,-0.5
7.6,5.8,26.5,-1,-1,-41.38110123829501,-9.153444444,-9.15344444429502,-14.39987985,-14.42912182,-11.89179141,-11.99320957,14.81989515,14.81989515,1,Done,mono-C9-BTBT_theta=26.5_R3=-0.3_R4=-0.5_phi1=-1_phi2=-1_a=7.6_b=5.8_cx=0_cy=0_cz=0.log,-0.3,-0.5
7.7,5.9,26.5,-1,-1,-42.25772644039508,-9.343649000000001,-9.34364900039509,-14.481167499999998,-14.54592025,-12.03753061,-12.14560038,14.81989515,14.81989515,1,Done,mono-C9-BTBT_theta=26.5_R3=-0.3_R4=-0.5_phi1=-1_phi2=-1_a=7.7_b=5.9_cx=0_cy=0_cz=0.log,-0.3,-0.5
7.8,5.8,26.5,-1,0,-41.87866646635439,-9.153444444,-9.189099562354388,-14.33433643,-14.47304124,-12.15399019,-12.20508205,14.81989515,14.8104323,2,Done,mono-C9-BTBT_theta=26.5_R3=-0.3_R4=-0.5_phi1=-1_phi2=0_a=7.8_b=5.8_cx=0_cy=0_cz=0.log,-0.3,-0.5
7.8,5.9,26.5,-1,0,-42.20672241722922,-9.343649000000001,-9.35693338722922,-14.29980456,-14.45977568,-12.16231724,-12.21457,14.81989515,14.8104323,2,Done,mono-C9-BTBT_theta=26.5_R3=-0.3_R4=-0.5_phi1=-1_phi2=0_a=7.8_b=5.9_cx=0_cy=0_cz=0.log,-0.3,-0.5
7.7,5.8,26.5,-1,1,-42.07488257894569,-9.153444444,-9.222188164945694,-14.28594914,-14.47733969,-12.28576101,-12.27175499,14.81989515,14.80165971,1,Done,mono-C9-BTBT_theta=26.5_R3=-0.3_R4=-0.5_phi1=-1_phi2=1_a=7.7_b=5.8_cx=0_cy=0_cz=0.log,-0.3,-0.5
7.6,5.9,26.5,-1,-1,-42.07569207039508,-9.343649000000001,-9.34364900039509,-14.46389215,-14.51072322,-11.97458508,-12.07898392,14.81989515,14.81989515,1,Done,mono-C9-BTBT_theta=26.5_R3=-0.3_R4=-0.5_phi1=-1_phi2=-1_a=7.6_b=5.9_cx=0_cy=0_cz=0.log,-0.3,-0.5
7.8,6.0,26.5,-1,0,-42.01351837452206,-9.32099589,-9.317237104522064,-14.23947575,-14.41893733,-12.14709385,-12.2001059,14.81989515,14.8104323,2,Done,mono-C9-BTBT_theta=26.5_R3=-0.3_R4=-0.5_phi1=-1_phi2=0_a=7.8_b=6.0_cx=0_cy=0_cz=0.log,-0.3,-0.5
7.7,6.0,26.5,-1,1,-42.41928516635758,-9.32099589,-9.31108750635758,-14.24167831,-14.49368005,-12.34507953,-12.32831874,14.81989515,14.80165971,1,Done,mono-C9-BTBT_theta=26.5_R3=-0.3_R4=-0.5_phi1=-1_phi2=1_a=7.7_b=6.0_cx=0_cy=0_cz=0.log,-0.3,-0.5
7.6,6.0,26.5,-1,-1,-42.212206859604095,-9.32099589,-9.320995889604092,-14.49272623,-14.55547723,-12.02753437,-12.13426755,14.81989515,14.81989515,1,Done,mono-C9-BTBT_theta=26.5_R3=-0.3_R4=-0.5_phi1=-1_phi2=-1_a=7.6_b=6.0_cx=0_cy=0_cz=0.log,-0.3,-0.5
7.6,5.8,26.5,-1,2,-41.912395137196754,-9.153444444,-9.251260703196749,-14.16447575,-14.39855581,-12.31820955,-12.23986493,14.81989515,14.7935209,2,Done,mono-C9-BTBT_theta=26.5_R3=-0.3_R4=-0.5_phi1=-1_phi2=2_a=7.6_b=5.8_cx=0_cy=0_cz=0.log,-0.3,-0.5
7.7,5.9,26.5,-1,2,-42.57385969439903,-9.343649000000001,-9.374955474399028,-14.13530281,-14.47119636,-12.47166712,-12.39050498,14.81989515,14.7935209,1,Done,mono-C9-BTBT_theta=26.5_R3=-0.3_R4=-0.5_phi1=-1_phi2=2_a=7.7_b=5.9_cx=0_cy=0_cz=0.log,-0.3,-0.5
7.8,5.8,26.5,-1,1,-41.98912077894569,-9.153444444,-9.222188164945694,-14.20473679,-14.442054800000001,-12.29915835,-12.28909309,14.81989515,14.80165971,1,Done,mono-C9-BTBT_theta=26.5_R3=-0.3_R4=-0.5_phi1=-1_phi2=1_a=7.8_b=5.8_cx=0_cy=0_cz=0.log,-0.3,-0.5
7.7,5.8,26.5,-1,-1,-41.74186928829502,-9.153444444,-9.15344444429502,-14.46514089,-14.51448828,-11.99490385,-12.10023768,14.81989515,14.81989515,2,Done,mono-C9-BTBT_theta=26.5_R3=-0.3_R4=-0.5_phi1=-1_phi2=-1_a=7.7_b=5.8_cx=0_cy=0_cz=0.log,-0.3,-0.5
7.6,5.9,26.5,-1,2,-42.488813274399035,-9.343649000000001,-9.374955474399028,-14.18960753,-14.46643356,-12.40636843,-12.32121533,14.81989515,14.7935209,1,Done,mono-C9-BTBT_theta=26.5_R3=-0.3_R4=-0.5_phi1=-1_phi2=2_a=7.6_b=5.9_cx=0_cy=0_cz=0.log,-0.3,-0.5
7.8,5.9,26.5,-1,1,-42.28309038901489,-9.343649000000001,-9.36771400901489,-14.16245517,-14.42626037,-12.30785564,-12.29671106,14.81989515,14.80165971,1,Done,mono-C9-BTBT_theta=26.5_R3=-0.3_R4=-0.5_phi1=-1_phi2=1_a=7.8_b=5.9_cx=0_cy=0_cz=0.log,-0.3,-0.5
7.7,6.0,26.5,-1,-1,-42.23153416960409,-9.32099589,-9.320995889604092,-14.46654024,-14.54519862,-12.05367016,-12.16392367,14.81989515,14.81989515,2,Done,mono-C9-BTBT_theta=26.5_R3=-0.3_R4=-0.5_phi1=-1_phi2=-1_a=7.7_b=6.0_cx=0_cy=0_cz=0.log,-0.3,-0.5
7.6,6.0,26.5,-1,2,-42.52574849864955,-9.32099589,-9.301825458649548,-14.18262334,-14.49912683,-12.46263725,-12.37195578,14.81989515,14.7935209,1,Done,mono-C9-BTBT_theta=26.5_R3=-0.3_R4=-0.5_phi1=-1_phi2=2_a=7.6_b=6.0_cx=0_cy=0_cz=0.log,-0.3,-0.5
7.8,6.0,26.5,-1,1,-42.06180526635758,-9.32099589,-9.31108750635758,-14.09511707,-14.38331986,-12.29241262,-12.28042718,14.81989515,14.80165971,1,Done,mono-C9-BTBT_theta=26.5_R3=-0.3_R4=-0.5_phi1=-1_phi2=1_a=7.8_b=6.0_cx=0_cy=0_cz=0.log,-0.3,-0.5
7.8,5.8,26.5,-1,-1,-41.72481983829501,-9.153444444,-9.15344444429502,-14.43302493,-14.49897623,-12.00873417,-12.11698592,14.81989515,14.81989515,2,Done,mono-C9-BTBT_theta=26.5_R3=-0.3_R4=-0.5_phi1=-1_phi2=-1_a=7.8_b=5.8_cx=0_cy=0_cz=0.log,-0.3,-0.5
7.7,5.8,26.5,-1,2,-42.16747166719675,-9.153444444,-9.251260703196749,-14.15008067,-14.45018105,-12.42568319,-12.35023766,14.81989515,14.7935209,1,Done,mono-C9-BTBT_theta=26.5_R3=-0.3_R4=-0.5_phi1=-1_phi2=2_a=7.7_b=5.8_cx=0_cy=0_cz=0.log,-0.3,-0.5
7.8,5.9,26.5,-1,-1,-42.09186926039509,-9.343649000000001,-9.34364900039509,-14.40950585,-14.48892352,-12.01757579,-12.1283564,14.81989515,14.81989515,2,Done,mono-C9-BTBT_theta=26.5_R3=-0.3_R4=-0.5_phi1=-1_phi2=-1_a=7.8_b=5.9_cx=0_cy=0_cz=0.log,-0.3,-0.5
7.6,5.8,26.5,-1,-2,-41.055392176137445,-9.153444444,-9.116885712137446,-14.36615746,-14.42181133,-11.74553765,-11.90158684,14.81989515,14.83013611,1,Done,mono-C9-BTBT_theta=26.5_R3=-0.3_R4=-0.5_phi1=-1_phi2=-2_a=7.6_b=5.8_cx=0_cy=0_cz=0.log,-0.3,-0.5
7.7,5.9,26.5,-1,-2,-42.044241267968346,-9.343649000000001,-9.329078217968343,-14.51458868,-14.55860851,-11.89281425,-12.05553387,14.81989515,14.83013611,1,Done,mono-C9-BTBT_theta=26.5_R3=-0.3_R4=-0.5_phi1=-1_phi2=-2_a=7.7_b=5.9_cx=0_cy=0_cz=0.log,-0.3,-0.5
7.8,6.0,26.5,-1,-1,-41.93090039960409,-9.32099589,-9.320995889604092,-14.35927368,-14.45082111,-12.0028795,-12.11572463,14.81989515,14.81989515,2,Done,mono-C9-BTBT_theta=26.5_R3=-0.3_R4=-0.5_phi1=-1_phi2=-1_a=7.8_b=6.0_cx=0_cy=0_cz=0.log,-0.3,-0.5
7.7,6.0,26.5,-1,2,-42.45660945864955,-9.32099589,-9.301825458649548,-14.09250663,-14.46148878,-12.48946331,-12.40374544,14.81989515,14.7935209,1,Done,mono-C9-BTBT_theta=26.5_R3=-0.3_R4=-0.5_phi1=-1_phi2=2_a=7.7_b=6.0_cx=0_cy=0_cz=0.log,-0.3,-0.5
7.6,5.9,26.5,-1,-2,-41.80435673796834,-9.343649000000001,-9.329078217968343,-14.45363236,-14.51005806,-11.82882705,-11.98914331,14.81989515,14.83013611,2,Done,mono-C9-BTBT_theta=26.5_R3=-0.3_R4=-0.5_phi1=-1_phi2=-2_a=7.6_b=5.9_cx=0_cy=0_cz=0.log,-0.3,-0.5
7.7,5.9,26.5,2,0,-42.68799122122921,-9.374955474,-9.35693338722922,-14.27806761,-14.20448579,-12.42614755,-12.65135461,14.7935209,14.8104323,1,Done,mono-C9-BTBT_theta=26.5_R3=-0.3_R4=-0.5_phi1=2_phi2=0_a=7.7_b=5.9_cx=0_cy=0_cz=0.log,-0.3,-0.5
7.8,5.8,26.5,-1,2,-42.06248297719674,-9.153444444,-9.251260703196749,-14.05450462,-14.40698954,-12.44116386,-12.36853586,14.81989515,14.7935209,1,Done,mono-C9-BTBT_theta=26.5_R3=-0.3_R4=-0.5_phi1=-1_phi2=2_a=7.8_b=5.8_cx=0_cy=0_cz=0.log,-0.3,-0.5
7.6,6.0,26.5,-1,-2,-41.98771515489132,-9.32099589,-9.323229824891314,-14.50430379,-14.56075459,-11.88229718,-12.04616514,14.81989515,14.83013611,2,Done,mono-C9-BTBT_theta=26.5_R3=-0.3_R4=-0.5_phi1=-1_phi2=-2_a=7.6_b=6.0_cx=0_cy=0_cz=0.log,-0.3,-0.5
