a,b,theta,E,E_t,machine_type,status,file_name,E_p1,E_p2
7.0,7.0,70.0,-37.56712862057611,-7.491270856116898,2,Done,BTBT_a=7.0_b=7.0_theta=70.0_cx=0_cy=0_cz=0_A1=0.0_A2=0.log,-0.534167887410149,-3.266854710644111
3.5,13.0,20.0,-27.46537223737687,-3.0247550775529817,2,Done,BTBT_a=3.5_b=13.0_theta=20.0_cx=0_cy=0_cz=0_A1=0.0_A2=0.log,-0.0346950276289135,-7.648480935953557
6.5,6.5,10.0,-24.02919022832065,-6.378432071651332,2,Done,BTBT_a=6.5_b=6.5_theta=10.0_cx=0_cy=0_cz=0_A1=0.0_A2=0.log,1.4112135143950582,-0.6689444852527231
6.5,7.0,70.0,-38.242843938060105,-7.580044695641845,1,Done,BTBT_a=6.5_b=7.0_theta=70.0_cx=0_cy=0_cz=0_A1=0.0_A2=0.log,-0.534167887410149,-3.4271646903362125
7.0,6.5,25.0,-35.3967472310178,-6.4300824196543545,1,Done,BTBT_a=7.0_b=6.5_theta=25.0_cx=0_cy=0_cz=0_A1=0.0_A2=0.log,-4.186169410590082,-0.6520393656101078
7.0,7.0,65.0,-36.789141721092165,-7.266804253682494,1,Done,BTBT_a=7.0_b=7.0_theta=65_cx=0_cy=0_cz=0_A1=0.0_A2=0.log,-0.6520393656101078,-3.208922987570986
3.5,13.0,15.0,-26.013050543610007,-2.908753578667529,2,Done,BTBT_a=3.5_b=13.0_theta=15_cx=0_cy=0_cz=0_A1=0.0_A2=0.log,-0.028300701174885,-7.16071741329506
3.5,13.5,5.0,-22.08205180009827,-2.8645203991327435,2,Done,BTBT_a=3.5_b=13.5_theta=5_cx=0_cy=0_cz=0_A1=0.0_A2=0.log,-0.0125753001775592,-5.299409801606089
6.5,6.5,5.0,-19.753763794898987,-6.892858494422399,2,Done,BTBT_a=6.5_b=6.5_theta=5_cx=0_cy=0_cz=0_A1=0.0_A2=0.log,4.527735654031858,-0.6189005626365542
6.5,7.0,65.0,-36.793760194443166,-6.7793356605106965,1,Done,BTBT_a=6.5_b=7.0_theta=65_cx=0_cy=0_cz=0_A1=0.0_A2=0.log,-0.6520393656101078,-4.186169410590082
7.0,7.0,75.0,-36.892003159970045,-7.5417289348552,1,Done,BTBT_a=7.0_b=7.0_theta=75_cx=0_cy=0_cz=0_A1=0.0_A2=0.log,-0.4474711057264358,-2.915072604548186
7.0,6.5,20.0,-37.020253654103726,-7.274397124652751,1,Done,BTBT_a=7.0_b=6.5_theta=20_cx=0_cy=0_cz=0_A1=0.0_A2=0.log,-3.4271646903362125,-0.534167887410149
3.5,13.5,15.0,-25.96104251546785,-2.899146400857717,2,Done,BTBT_a=3.5_b=13.5_theta=15_cx=0_cy=0_cz=0_A1=0.0_A2=0.log,-0.0215110427234321,-7.16071741329506
3.5,13.0,25.0,-25.23808824457228,-3.0718371528200805,2,Done,BTBT_a=3.5_b=13.0_theta=25_cx=0_cy=0_cz=0_A1=0.0_A2=0.log,-0.0397151079960167,-6.435654708649963
6.5,6.5,15.0,-26.10675033694133,-5.3753573367139325,2,Done,BTBT_a=6.5_b=6.5_theta=15_cx=0_cy=0_cz=0_A1=0.0_A2=0.log,-1.5475965372752398,-0.7550639577675611
6.5,7.0,75.0,-35.88197561446577,-7.972960082115605,1,Done,BTBT_a=6.5_b=7.0_theta=75_cx=0_cy=0_cz=0_A1=0.0_A2=0.log,-0.4474711057264358,-1.5475965372752398
4.0,13.0,5.0,-28.73506342153996,-3.1662523072445765,1,Done,BTBT_a=4.0_b=13.0_theta=5_cx=0_cy=0_cz=0_A1=0.0_A2=0.log,-0.017394577153027,-8.017632519127801
7.0,6.5,30.0,-30.64143880130723,-5.183966786600649,1,Done,BTBT_a=7.0_b=6.5_theta=30_cx=0_cy=0_cz=0_A1=0.0_A2=0.log,-4.146240949397907,-0.8065448780544102
3.5,13.5,20.0,-26.8429199680686,-2.873073360184208,2,Done,BTBT_a=3.5_b=13.5_theta=20_cx=0_cy=0_cz=0_A1=0.0_A2=0.log,-0.0268323277123272,-7.648480935953557
3.5,12.5,20.0,-26.596546992193907,-2.8021772805368528,2,Done,BTBT_a=3.5_b=12.5_theta=20_cx=0_cy=0_cz=0_A1=0.0_A2=0.log,-0.0454379990696907,-7.648480935953557
3.5,12.5,25.0,-25.344940646085888,-3.0927583359880373,2,Done,BTBT_a=3.5_b=12.5_theta=25.0_cx=0_cy=0_cz=0_A1=0.0_A2=0.log,-0.0512989424169063,-6.435654708649963
6.5,6.5,20.0,-23.575299695134163,-3.739532892941497,1,Done,BTBT_a=6.5_b=6.5_theta=20_cx=0_cy=0_cz=0_A1=0.0_A2=0.log,-3.4271646903362125,-0.8814193713478744
4.0,13.0,15.0,-31.565635529346764,-3.239940806524828,1,Done,BTBT_a=4.0_b=13.0_theta=15_cx=0_cy=0_cz=0_A1=0.0_A2=0.log,-0.028300701174885,-9.27463545044884
7.0,6.5,15.0,-34.93057005293667,-7.73510869173333,1,Done,BTBT_a=7.0_b=6.5_theta=15_cx=0_cy=0_cz=0_A1=0.0_A2=0.log,-1.5475965372752398,-0.4474711057264358
3.5,13.5,25.0,-24.075199261773378,-2.785422763437964,2,Done,BTBT_a=3.5_b=13.5_theta=25_cx=0_cy=0_cz=0_A1=0.0_A2=0.log,-0.0310993953607976,-6.435654708649963
4.0,12.5,30.0,-34.9263657364063,-3.4489769380306825,2,Done,BTBT_a=4.0_b=12.5_theta=30_cx=0_cy=0_cz=0_A1=0.0_A2=0.log,-0.0540976368356496,-10.511131355306134
3.5,12.5,30.0,-16.371359393931925,-3.2537899524904788,2,Done,BTBT_a=3.5_b=12.5_theta=30_cx=0_cy=0_cz=0_A1=0.0_A2=0.log,-0.0540976368356496,-1.6240021551493555
7.5,6.5,30.0,-39.043245492037386,-7.428984213154763,1,Done,BTBT_a=7.5_b=6.5_theta=30_cx=0_cy=0_cz=0_A1=0.0_A2=0.log,-4.146240949397907,-0.5174133703112602
4.0,13.0,20.0,-33.25486734928563,-3.2415723328012973,1,Done,BTBT_a=4.0_b=13.0_theta=20_cx=0_cy=0_cz=0_A1=0.0_A2=0.log,-0.0346950276289135,-10.109593981411308
7.5,7.0,30.0,-37.54173956485465,-7.689658142393455,1,Done,BTBT_a=7.5_b=7.0_theta=30_cx=0_cy=0_cz=0_A1=0.0_A2=0.log,-2.874140127329156,-0.5174133703112602
6.0,9.0,20.0,-26.486092681530863,-5.600269470713101,2,Done,BTBT_a=6.0_b=9.0_theta=20_cx=0_cy=0_cz=0_A1=0.0_A2=0.log,-0.5559801349882036,-1.4865272643510252
6.0,9.0,25.0,-27.442003765609115,-5.716471772640944,2,Done,BTBT_a=6.0_b=9.0_theta=25.0_cx=0_cy=0_cz=0_A1=0.0_A2=0.log,-0.5332454477902502,-1.7548128897324204
3.5,12.5,15.0,-24.193208793643866,-2.4490711285034195,2,Done,BTBT_a=3.5_b=12.5_theta=15_cx=0_cy=0_cz=0_A1=0.0_A2=0.log,-0.0377447265200316,-7.16071741329506
6.0,9.5,20.0,-26.907089142128825,-5.806563383550383,1,Done,BTBT_a=6.0_b=9.5_theta=20_cx=0_cy=0_cz=0_A1=0.0_A2=0.log,-0.353890539612621,-1.4865272643510252
6.0,9.5,25.0,-27.993723107501864,-5.945399970863946,1,Done,BTBT_a=6.0_b=9.5_theta=25.0_cx=0_cy=0_cz=0_A1=0.0_A2=0.log,-0.3512487222906202,-1.7548128897324204
4.0,13.0,25.0,-34.22342903492972,-3.179881824646145,2,Done,BTBT_a=4.0_b=13.0_theta=25_cx=0_cy=0_cz=0_A1=0.0_A2=0.log,-0.0397151079960167,-10.712235760176554
6.0,9.0,30.0,-28.9547672229819,-5.936075172270648,2,Done,BTBT_a=6.0_b=9.0_theta=30_cx=0_cy=0_cz=0_A1=0.0_A2=0.log,-0.4920619663316756,-2.113171300617978
7.5,7.0,35.0,-36.57066784100607,-7.60488781647291,1,Done,BTBT_a=7.5_b=7.0_theta=35_cx=0_cy=0_cz=0_A1=0.0_A2=0.log,-2.4248178671114147,-0.6507404204457998
8.0,6.5,20.0,-35.87453334685415,-7.153143367613666,2,Done,BTBT_a=8.0_b=6.5_theta=20_cx=0_cy=0_cz=0_A1=0.0_A2=0.log,-3.4271646903362125,-0.2038152478635311
7.5,6.0,30.0,-36.79432495497167,-6.348085688310675,1,Done,BTBT_a=7.5_b=6.0_theta=30.0_cx=0_cy=0_cz=0_A1=0.0_A2=0.log,-5.183577730553225,-0.5174133703112602
4.0,13.0,30.0,-33.250901486258954,-3.0360063317930326,2,Done,BTBT_a=4.0_b=13.0_theta=30_cx=0_cy=0_cz=0_A1=0.0_A2=0.log,-0.0423067242372781,-10.511131355306134
6.0,9.0,35.0,-30.986895606387407,-6.237097994191572,2,Done,BTBT_a=6.0_b=9.0_theta=35_cx=0_cy=0_cz=0_A1=0.0_A2=0.log,-0.4382341587916016,-2.581017656018957
6.0,9.5,30.0,-29.335075933951885,-6.110447651008144,1,Done,BTBT_a=6.0_b=9.5_theta=30_cx=0_cy=0_cz=0_A1=0.0_A2=0.log,-0.3334713643416762,-2.113171300617978
8.0,6.5,30.0,-39.32416917011142,-7.588045448181219,2,Done,BTBT_a=8.0_b=6.5_theta=30_cx=0_cy=0_cz=0_A1=0.0_A2=0.log,-4.146240949397907,-0.3397527392953634
7.5,6.0,25.0,-38.48895336035639,-7.466904642642476,1,Done,BTBT_a=7.5_b=6.0_theta=25_cx=0_cy=0_cz=0_A1=0.0_A2=0.log,-3.899322039680556,-0.4113453552126884
6.5,9.0,20.0,-28.505620664916933,-6.407705413061194,2,Done,BTBT_a=6.5_b=9.0_theta=20_cx=0_cy=0_cz=0_A1=0.0_A2=0.log,-0.5559801349882036,-0.8814193713478744
6.0,8.5,25.0,-24.53197634126991,-4.8375498910900205,1,Done,BTBT_a=6.0_b=8.5_theta=25.0_cx=0_cy=0_cz=0_A1=0.0_A2=0.log,-0.8360754987224936,-1.7548128897324204
6.0,9.0,40.0,-33.286456203553826,-6.548957914230414,2,Done,BTBT_a=6.0_b=9.0_theta=40_cx=0_cy=0_cz=0_A1=0.0_A2=0.log,-0.3781814519315958,-3.167130821384489
8.0,6.5,35.0,-38.23029373725876,-7.501097662374377,2,Done,BTBT_a=8.0_b=6.5_theta=35_cx=0_cy=0_cz=0_A1=0.0_A2=0.log,-3.680923459120095,-0.4320280847605318
6.0,9.5,35.0,-30.81660194322467,-6.261608534958214,1,Done,BTBT_a=6.0_b=9.5_theta=35_cx=0_cy=0_cz=0_A1=0.0_A2=0.log,-0.3040662456769496,-2.581017656018957
7.5,6.0,35.0,-30.02926514716819,-4.591591071570292,1,Done,BTBT_a=7.5_b=6.0_theta=35_cx=0_cy=0_cz=0_A1=0.0_A2=0.log,-5.180710009997711,-0.6507404204457998
6.5,9.0,30.0,-30.072011127136648,-6.626141644199379,2,Done,BTBT_a=6.5_b=9.0_theta=30_cx=0_cy=0_cz=0_A1=0.0_A2=0.log,-0.4920619663316756,-1.2916603088378906
6.0,9.0,45.0,-35.45986218797043,-6.772721705026925,2,Done,BTBT_a=6.0_b=9.0_theta=45_cx=0_cy=0_cz=0_A1=0.0_A2=0.log,-0.317174929426983,-3.867312754504383
6.5,8.5,20.0,-29.88916726456955,-6.580910723540001,1,Done,BTBT_a=6.5_b=8.5_theta=20_cx=0_cy=0_cz=0_A1=0.0_A2=0.log,-0.9013428138568996,-0.8814193713478744
3.5,12.0,20.0,-23.03106027329341,-1.903338231611997,2,Done,BTBT_a=3.5_b=12.0_theta=20_cx=0_cy=0_cz=0_A1=0.0_A2=0.log,-0.0603727374691516,-7.648480935953557
3.5,12.0,25.0,-23.383394588250667,-2.594446370145306,1,Done,BTBT_a=3.5_b=12.0_theta=25.0_cx=0_cy=0_cz=0_A1=0.0_A2=0.log,-0.0671498451847583,-6.435654708649963
6.0,9.5,40.0,-32.22725697280839,-6.339890407398343,1,Done,BTBT_a=6.0_b=9.5_theta=40_cx=0_cy=0_cz=0_A1=0.0_A2=0.log,-0.2667168502230197,-3.167130821384489
7.5,6.0,20.0,-33.241953193210065,-7.984920422662981,2,Done,BTBT_a=7.5_b=6.0_theta=20_cx=0_cy=0_cz=0_A1=0.0_A2=0.log,-0.3223393366206437,-0.3287964146584272
6.0,9.0,50.0,-36.99900616612285,-6.8186554370913655,2,Done,BTBT_a=6.0_b=9.0_theta=50_cx=0_cy=0_cz=0_A1=0.0_A2=0.log,-0.2580572122242301,-4.604134996654466
6.5,9.0,35.0,-31.0032359668985,-6.731971205445007,2,Done,BTBT_a=6.5_b=9.0_theta=35_cx=0_cy=0_cz=0_A1=0.0_A2=0.log,-0.4382341587916016,-1.5994414137676358
6.5,8.5,25.0,-30.34886853955686,-6.640819103107788,1,Done,BTBT_a=6.5_b=8.5_theta=25_cx=0_cy=0_cz=0_A1=0.0_A2=0.log,-0.8360754987224936,-1.0567205648403617
3.5,12.0,30.0,-15.92348040547222,-3.133860241039656,1,Done,BTBT_a=3.5_b=12.0_theta=30_cx=0_cy=0_cz=0_A1=0.0_A2=0.log,-0.0700175655074417,-1.6240021551493555
4.0,12.0,25.0,-35.46273618424311,-3.475991243380122,2,Done,BTBT_a=4.0_b=12.0_theta=25_cx=0_cy=0_cz=0_A1=0.0_A2=0.log,-0.0671498451847583,-10.712235760176554
6.0,9.5,45.0,-33.33542708307505,-6.287311344523914,1,Done,BTBT_a=6.0_b=9.5_theta=45_cx=0_cy=0_cz=0_A1=0.0_A2=0.log,-0.2257780979853123,-3.867312754504383
6.0,9.0,55.0,-37.36835855292156,-6.6499995744088665,2,Done,BTBT_a=6.0_b=9.0_theta=55_cx=0_cy=0_cz=0_A1=0.0_A2=0.log,-0.2034701176453381,-5.180710009997711
6.5,9.0,40.0,-31.911380990874022,-6.790750067448244,2,Done,BTBT_a=6.5_b=9.0_theta=40_cx=0_cy=0_cz=0_A1=0.0_A2=0.log,-0.3781814519315958,-1.9960089086089283
6.5,8.5,30.0,-31.081586865708232,-6.750539226573892,1,Done,BTBT_a=6.5_b=8.5_theta=30_cx=0_cy=0_cz=0_A1=0.0_A2=0.log,-0.7480546708684415,-1.2916603088378906
4.0,12.0,35.0,-32.04024644289166,-3.723443536669947,2,Done,BTBT_a=4.0_b=12.0_theta=35_cx=0_cy=0_cz=0_A1=0.0_A2=0.log,-0.0684927166439592,-8.504743431461975
6.5,8.0,60.0,-39.90115206502378,-7.73229117190931,1,Done,BTBT_a=6.5_b=8.0_theta=60_cx=0_cy=0_cz=0_A1=0.0_A2=0.log,-0.3397527392953634,-4.146240949397907
6.0,9.0,60.0,-35.86353937210515,-6.296793020796031,2,Done,BTBT_a=6.0_b=9.0_theta=60_cx=0_cy=0_cz=0_A1=0.0_A2=0.log,-0.1546059139072895,-5.183577730553225
6.0,9.5,50.0,-33.86225937958807,-6.071548306150362,1,Done,BTBT_a=6.0_b=9.5_theta=50_cx=0_cy=0_cz=0_A1=0.0_A2=0.log,-0.1838980808388441,-4.604134996654466
6.5,9.0,45.0,-32.649772006552666,-6.757266133790836,2,Done,BTBT_a=6.5_b=9.0_theta=45_cx=0_cy=0_cz=0_A1=0.0_A2=0.log,-0.317174929426983,-2.4931788062676787
6.5,8.5,35.0,-32.151541617233306,-6.913371796486899,1,Done,BTBT_a=6.5_b=8.5_theta=35_cx=0_cy=0_cz=0_A1=0.0_A2=0.log,-0.6495858018752187,-1.5994414137676358
7.0,8.0,20.0,-32.284536086954176,-7.063892620266415,2,Done,BTBT_a=7.0_b=8.0_theta=20_cx=0_cy=0_cz=0_A1=0.0_A2=0.log,-1.4803149155341089,-0.534167887410149
6.5,7.5,60.0,-39.95243218168616,-7.656280885566957,2,Done,BTBT_a=6.5_b=7.5_theta=60_cx=0_cy=0_cz=0_A1=0.0_A2=0.log,-0.5174133703112602,-4.146240949397907
6.5,7.5,65.0,-41.0980646382086,-7.975758776650764,1,Done,BTBT_a=6.5_b=7.5_theta=65.0_cx=0_cy=0_cz=0_A1=0.0_A2=0.log,-0.4113453552126884,-4.186169410590082
6.5,9.0,50.0,-33.04796475172043,-6.594333162298426,2,Done,BTBT_a=6.5_b=9.0_theta=50_cx=0_cy=0_cz=0_A1=0.0_A2=0.log,-0.2580572122242301,-3.077258839039132
6.0,9.5,55.0,-33.4761148262769,-5.706858319579624,1,Done,BTBT_a=6.0_b=9.5_theta=55_cx=0_cy=0_cz=0_A1=0.0_A2=0.log,-0.1436307639814913,-5.180710009997711
6.5,8.5,40.0,-33.5047543826513,-7.103206121828407,1,Done,BTBT_a=6.5_b=8.5_theta=40_cx=0_cy=0_cz=0_A1=0.0_A2=0.log,-0.5499560390599072,-1.9960089086089283
6.5,8.0,70.0,-36.29486464569345,-7.258226192323491,2,Done,BTBT_a=6.5_b=8.0_theta=70_cx=0_cy=0_cz=0_A1=0.0_A2=0.log,-0.2038152478635311,-3.4271646903362125
7.0,8.0,30.0,-33.10278402548283,-7.287825838662684,2,Done,BTBT_a=7.0_b=8.0_theta=30_cx=0_cy=0_cz=0_A1=0.0_A2=0.log,-1.1691954573616383,-0.8065448780544102
6.5,9.0,55.0,-32.95841907616705,-6.297407980659045,2,Done,BTBT_a=6.5_b=9.0_theta=55_cx=0_cy=0_cz=0_A1=0.0_A2=0.log,-0.2034701176453381,-3.680923459120095
6.5,7.5,70.0,-39.57652859156951,-8.016151595395058,1,Done,BTBT_a=6.5_b=7.5_theta=70_cx=0_cy=0_cz=0_A1=0.0_A2=0.log,-0.3287964146584272,-3.4271646903362125
7.0,7.5,65.0,-38.2721612052992,-7.757906129932962,1,Done,BTBT_a=7.0_b=7.5_theta=65_cx=0_cy=0_cz=0_A1=0.0_A2=0.log,-0.4113453552126884,-3.208922987570986
6.5,8.5,45.0,-34.94792697997764,-7.262480709818192,1,Done,BTBT_a=6.5_b=8.5_theta=45_cx=0_cy=0_cz=0_A1=0.0_A2=0.log,-0.4558232640847564,-2.4931788062676787
8.0,6.0,25.0,-38.95093877334148,-7.655973405693658,2,Done,BTBT_a=8.0_b=6.0_theta=25_cx=0_cy=0_cz=0_A1=0.0_A2=0.log,-3.899322039680556,-0.2642005356028676
7.0,8.0,35.0,-33.58547726785764,-7.398022869951092,2,Done,BTBT_a=7.0_b=8.0_theta=35_cx=0_cy=0_cz=0_A1=0.0_A2=0.log,-0.9906500368379056,-1.0060428571887314
4.0,11.5,25.0,-33.41090398654342,-2.95196391758509,2,Done,BTBT_a=4.0_b=11.5_theta=25_cx=0_cy=0_cz=0_A1=0.0_A2=0.log,-0.0892883979249745,-10.712235760176554
4.0,11.5,30.0,-35.31194553012028,-3.526474422775209,1,Done,BTBT_a=4.0_b=11.5_theta=30.0_cx=0_cy=0_cz=0_A1=0.0_A2=0.log,-0.0918925642035901,-10.511131355306134
7.0,7.5,75.0,-35.71430494263768,-7.337712883716449,1,Done,BTBT_a=7.0_b=7.5_theta=75_cx=0_cy=0_cz=0_A1=0.0_A2=0.log,-0.2666540993377566,-2.915072604548186
8.5,5.5,35.0,-37.75565772457048,-6.220594481448643,1,Done,BTBT_a=8.5_b=5.5_theta=35.0_cx=0_cy=0_cz=0_A1=0.0_A2=0.log,-6.143178572645411,-0.2934613267425447
6.5,8.5,50.0,-36.16371505474672,-7.317362734582275,2,Done,BTBT_a=6.5_b=8.5_theta=50_cx=0_cy=0_cz=0_A1=0.0_A2=0.log,-0.3698732191696763,-3.077258839039132
7.0,8.0,40.0,-34.19407411664724,-7.506720152101479,2,Done,BTBT_a=7.0_b=8.0_theta=40_cx=0_cy=0_cz=0_A1=0.0_A2=0.log,-0.8219063228461891,-1.2616904312744737
8.0,6.0,35.0,-38.22429474256933,-6.749704638263211,2,Done,BTBT_a=8.0_b=6.0_theta=35_cx=0_cy=0_cz=0_A1=0.0_A2=0.log,-5.180710009997711,-0.4320280847605318
4.0,11.5,35.0,-32.77723183715716,-3.897401858936064,1,Done,BTBT_a=4.0_b=11.5_theta=35_cx=0_cy=0_cz=0_A1=0.0_A2=0.log,-0.0890687692444771,-8.504743431461975
7.0,7.5,60.0,-38.037648166995496,-7.813635292928666,1,Done,BTBT_a=7.0_b=7.5_theta=60_cx=0_cy=0_cz=0_A1=0.0_A2=0.log,-0.5174133703112602,-2.874140127329156
6.5,8.5,55.0,-36.803210496436805,-7.213610231177881,2,Done,BTBT_a=6.5_b=8.5_theta=55_cx=0_cy=0_cz=0_A1=0.0_A2=0.log,-0.2934613267425447,-3.680923459120095
8.5,5.5,30.0,-36.35496755223721,-6.940310800680891,1,Done,BTBT_a=8.5_b=5.5_theta=30_cx=0_cy=0_cz=0_A1=0.0_A2=0.log,-4.06944000069052,-0.2274221740663051
7.0,8.0,45.0,-34.90540690347552,-7.59903942339588,2,Done,BTBT_a=7.0_b=8.0_theta=45_cx=0_cy=0_cz=0_A1=0.0_A2=0.log,-0.6718498566187918,-1.5827747483272103
9.0,5.5,30.0,-33.872387391049415,-6.356073890463449,2,Done,BTBT_a=9.0_b=5.5_theta=30_cx=0_cy=0_cz=0_A1=0.0_A2=0.log,-4.06944000069052,-0.1546059139072895
9.0,5.5,35.0,-37.8141793073155,-6.2802204816835,2,Done,BTBT_a=9.0_b=5.5_theta=35.0_cx=0_cy=0_cz=0_A1=0.0_A2=0.log,-6.143178572645411,-0.2034701176453381
6.5,8.5,60.0,-36.53377025248483,-6.946611001389101,2,Done,BTBT_a=6.5_b=8.5_theta=60_cx=0_cy=0_cz=0_A1=0.0_A2=0.log,-0.2274221740663051,-4.146240949397907
7.0,8.0,50.0,-35.58607954951003,-7.637706589419395,1,Done,BTBT_a=7.0_b=8.0_theta=50_cx=0_cy=0_cz=0_A1=0.0_A2=0.log,-0.5420933386776596,-1.9755332572385669
4.0,11.0,30.0,-31.72561292769388,-2.614526689867489,1,Done,BTBT_a=4.0_b=11.0_theta=30_cx=0_cy=0_cz=0_A1=0.0_A2=0.log,-0.1226217288058251,-10.511131355306134
4.0,11.0,35.0,-31.41076606232673,-3.541540938196704,1,Done,BTBT_a=4.0_b=11.0_theta=35.0_cx=0_cy=0_cz=0_A1=0.0_A2=0.log,-0.117557723307982,-8.504743431461975
8.0,5.5,35.0,-31.7742575048469,-4.655961047508754,2,Done,BTBT_a=8.0_b=5.5_theta=35.0_cx=0_cy=0_cz=0_A1=0.0_A2=0.log,-6.143178572645411,-0.4320280847605318
8.5,5.5,40.0,-32.31135586369783,-4.733063201070763,2,Done,BTBT_a=8.5_b=5.5_theta=40_cx=0_cy=0_cz=0_A1=0.0_A2=0.log,-6.319678310537711,-0.3698732191696763
8.0,5.5,30.0,-35.04330849926919,-6.556230754824355,2,Done,BTBT_a=8.0_b=5.5_theta=30_cx=0_cy=0_cz=0_A1=0.0_A2=0.log,-4.06944000069052,-0.3397527392953634
9.5,5.0,40.0,-32.58713395847008,-4.701355120749213,1,Done,BTBT_a=9.5_b=5.0_theta=40.0_cx=0_cy=0_cz=0_A1=0.0_A2=0.log,-6.706958656897768,-0.1838980808388441
7.0,8.0,55.0,-36.02290181117132,-7.5773024768568575,1,Done,BTBT_a=7.0_b=8.0_theta=55_cx=0_cy=0_cz=0_A1=0.0_A2=0.log,-0.4320280847605318,-2.4248178671114147
8.5,6.0,35.0,-39.03636798402295,-7.022006327635609,2,Done,BTBT_a=8.5_b=6.0_theta=35_cx=0_cy=0_cz=0_A1=0.0_A2=0.log,-5.180710009997711,-0.2934613267425447
4.0,11.0,40.0,-22.638715920969844,-4.125257015344687,1,Done,BTBT_a=4.0_b=11.0_theta=40_cx=0_cy=0_cz=0_A1=0.0_A2=0.log,-0.1066829750780016,-2.9621609547175467
9.5,5.0,35.0,-27.98865282721817,-5.408414563513361,2,Done,BTBT_a=9.5_b=5.0_theta=35_cx=0_cy=0_cz=0_A1=0.0_A2=0.log,-3.0338665226008743,-0.1436307639814913
10.0,5.0,40.0,-32.644777026958764,-4.740932176471688,2,Done,BTBT_a=10.0_b=5.0_theta=40.0_cx=0_cy=0_cz=0_A1=0.0_A2=0.log,-6.706958656897768,-0.1335655036382377
8.0,5.5,40.0,-20.812975575216115,-1.7723580691963434,2,Done,BTBT_a=8.0_b=5.5_theta=40_cx=0_cy=0_cz=0_A1=0.0_A2=0.log,-6.319678310537711,-0.5420933386776596
7.0,8.0,60.0,-36.00531898112968,-7.394383311970159,1,Done,BTBT_a=7.0_b=8.0_theta=60_cx=0_cy=0_cz=0_A1=0.0_A2=0.log,-0.3397527392953634,-2.874140127329156
8.5,6.0,45.0,-31.414217367768288,-5.691986332647502,1,Done,BTBT_a=8.5_b=6.0_theta=45_cx=0_cy=0_cz=0_A1=0.0_A2=0.log,-3.867312754504383,-0.4558232640847564
4.0,11.0,25.0,-27.57060566591099,-1.4760541225550696,1,Done,BTBT_a=4.0_b=11.0_theta=25_cx=0_cy=0_cz=0_A1=0.0_A2=0.log,-0.1209588276688009,-10.712235760176554
9.5,5.0,45.0,-28.07772159622982,-3.155528161441908,2,Done,BTBT_a=9.5_b=5.0_theta=45_cx=0_cy=0_cz=0_A1=0.0_A2=0.log,-7.502026377245784,-0.2257780979853123
10.0,5.0,35.0,-25.794777465984225,-4.880264497012831,2,Done,BTBT_a=10.0_b=5.0_theta=35_cx=0_cy=0_cz=0_A1=0.0_A2=0.log,-3.0338665226008743,-0.1029932163655757
8.0,5.5,25.0,-26.998153392691165,-7.502729188418016,2,Done,BTBT_a=8.0_b=5.5_theta=25_cx=0_cy=0_cz=0_A1=0.0_A2=0.log,1.770582216093317,-0.2642005356028676
4.5,10.5,35.0,-34.38151135435328,-4.064275593380444,1,Done,BTBT_a=4.5_b=10.5_theta=35_cx=0_cy=0_cz=0_A1=0.0_A2=0.log,-0.1578564154915511,-8.9043480749242
8.5,6.0,30.0,-39.21727911569178,-7.09881982661318,1,Done,BTBT_a=8.5_b=6.0_theta=30_cx=0_cy=0_cz=0_A1=0.0_A2=0.log,-5.183577730553225,-0.2274221740663051
4.5,11.0,35.0,-35.80696307029575,-4.440787868457846,1,Done,BTBT_a=4.5_b=11.0_theta=35_cx=0_cy=0_cz=0_A1=0.0_A2=0.log,-0.117557723307982,-8.9043480749242
9.5,5.5,35.0,-35.32088127359748,-5.686815650085919,2,Done,BTBT_a=9.5_b=5.5_theta=35_cx=0_cy=0_cz=0_A1=0.0_A2=0.log,-6.143178572645411,-0.1436307639814913
10.0,5.0,45.0,-31.523542158771303,-4.047809730865993,2,Done,BTBT_a=10.0_b=5.0_theta=45_cx=0_cy=0_cz=0_A1=0.0_A2=0.log,-7.502026377245784,-0.1641252404078841
9.0,5.0,35.0,-28.09881848283112,-5.406036300584674,2,Done,BTBT_a=9.0_b=5.0_theta=35_cx=0_cy=0_cz=0_A1=0.0_A2=0.log,-3.0338665226008743,-0.2034701176453381
9.0,5.0,40.0,-28.6656231652014,-3.6838978567393497,1,Done,BTBT_a=9.0_b=5.0_theta=40.0_cx=0_cy=0_cz=0_A1=0.0_A2=0.log,-6.706958656897768,-0.2580572122242301
8.5,6.0,25.0,-35.62365484889597,-6.87041873706039,1,Done,BTBT_a=8.5_b=6.0_theta=25_cx=0_cy=0_cz=0_A1=0.0_A2=0.log,-3.899322039680556,-0.1716679106466472
4.5,10.5,45.0,-32.47371780034155,-4.9398716716095805,2,Done,BTBT_a=4.5_b=10.5_theta=45_cx=0_cy=0_cz=0_A1=0.0_A2=0.log,-0.1216114379931241,-6.235504118958488
4.5,11.0,45.0,-30.6017425195314,-4.48689102823846,1,Done,BTBT_a=4.5_b=11.0_theta=45_cx=0_cy=0_cz=0_A1=0.0_A2=0.log,-0.0915850843302905,-6.235504118958488
9.5,5.5,45.0,-32.03564052050933,-5.039369657402858,2,Done,BTBT_a=9.5_b=5.5_theta=45_cx=0_cy=0_cz=0_A1=0.0_A2=0.log,-5.713302847463638,-0.2257780979853123
4.5,10.0,45.0,-32.3365315659903,-4.884318211814389,2,Done,BTBT_a=4.5_b=10.0_theta=45.0_cx=0_cy=0_cz=0_A1=0.0_A2=0.log,-0.1641252404078841,-6.235504118958488
9.0,5.0,45.0,-18.83471264969557,-0.7990775090875104,1,Done,BTBT_a=9.0_b=5.0_theta=45_cx=0_cy=0_cz=0_A1=0.0_A2=0.log,-7.502026377245784,-0.317174929426983
4.5,10.0,40.0,-33.25829355372116,-3.9414342356612906,2,Done,BTBT_a=4.5_b=10.0_theta=40_cx=0_cy=0_cz=0_A1=0.0_A2=0.log,-0.1926267445087433,-8.553651561029255
8.5,6.5,40.0,-35.1784239532426,-7.071039959206246,1,Done,BTBT_a=8.5_b=6.5_theta=40_cx=0_cy=0_cz=0_A1=0.0_A2=0.log,-3.077258839039132,-0.3698732191696763
10.5,4.5,45.0,-25.50557065661997,-3.1978348856791854,2,Done,BTBT_a=10.5_b=4.5_theta=45.0_cx=0_cy=0_cz=0_A1=0.0_A2=0.log,-6.235504118958488,-0.1216114379931241
4.5,11.0,30.0,-33.387573163956404,-4.070751496474259,1,Done,BTBT_a=4.5_b=11.0_theta=30_cx=0_cy=0_cz=0_A1=0.0_A2=0.log,-0.1226217288058251,-8.42966186022386
9.5,5.5,30.0,-30.137435319833457,-5.446422844193876,2,Done,BTBT_a=9.5_b=5.5_theta=30_cx=0_cy=0_cz=0_A1=0.0_A2=0.log,-4.06944000069052,-0.1064319708384573
10.5,4.5,40.0,-15.229918703436852,-3.955465359264053,1,Done,BTBT_a=10.5_b=4.5_theta=40_cx=0_cy=0_cz=0_A1=0.0_A2=0.log,0.3945908381137997,-0.0986194713041186
11.0,4.5,45.0,-26.501039971597493,-3.461715391254984,2,Done,BTBT_a=11.0_b=4.5_theta=45.0_cx=0_cy=0_cz=0_A1=0.0_A2=0.log,-6.235504118958488,-0.0915850843302905
4.5,10.0,50.0,-20.73216483835131,-5.313553876825608,2,Done,BTBT_a=4.5_b=10.0_theta=50_cx=0_cy=0_cz=0_A1=0.0_A2=0.log,-0.1335655036382377,0.3945908381137997
8.5,6.5,50.0,-31.06055273115635,-6.4921557089546695,1,Done,BTBT_a=8.5_b=6.5_theta=50_cx=0_cy=0_cz=0_A1=0.0_A2=0.log,-1.9960089086089283,-0.5499560390599072
11.0,4.5,40.0,-14.020983037538826,-3.665618490078488,1,Done,BTBT_a=11.0_b=4.5_theta=40_cx=0_cy=0_cz=0_A1=0.0_A2=0.log,0.3945908381137997,-0.0738453767262399
10.5,5.0,40.0,-30.943886070977896,-4.333182453643531,2,Done,BTBT_a=10.5_b=5.0_theta=40_cx=0_cy=0_cz=0_A1=0.0_A2=0.log,-6.706958656897768,-0.0986194713041186
11.0,5.0,40.0,-28.585201483685523,-3.7558983541093767,2,Done,BTBT_a=11.0_b=5.0_theta=40_cx=0_cy=0_cz=0_A1=0.0_A2=0.log,-6.706958656897768,-0.0738453767262399
10.5,4.5,50.0,-23.86027708696201,-1.617212496814318,1,Done,BTBT_a=10.5_b=4.5_theta=50_cx=0_cy=0_cz=0_A1=0.0_A2=0.log,-8.553651561029255,-0.1420619888231158
4.5,10.0,35.0,-28.49174014525488,-2.562537486664951,2,Done,BTBT_a=4.5_b=10.0_theta=35_cx=0_cy=0_cz=0_A1=0.0_A2=0.log,-0.2164470243733376,-8.9043480749242
8.5,6.5,35.0,-36.22575069358573,-7.069245280465111,1,Done,BTBT_a=8.5_b=6.5_theta=35_cx=0_cy=0_cz=0_A1=0.0_A2=0.log,-3.680923459120095,-0.2934613267425447
10.5,5.0,50.0,-28.462749182712287,-3.4890058008022606,2,Done,BTBT_a=10.5_b=5.0_theta=50_cx=0_cy=0_cz=0_A1=0.0_A2=0.log,-7.111301000928506,-0.1420619888231158
11.0,4.5,50.0,-28.28507600119337,-2.741101732244715,1,Done,BTBT_a=11.0_b=4.5_theta=50_cx=0_cy=0_cz=0_A1=0.0_A2=0.log,-8.553651561029255,-0.1066829750780016
11.0,5.0,50.0,-29.003261195961382,-3.641823310987093,2,Done,BTBT_a=11.0_b=5.0_theta=50_cx=0_cy=0_cz=0_A1=0.0_A2=0.log,-7.111301000928506,-0.1066829750780016
8.0,7.0,40.0,-35.07583861844614,-7.510146356653422,2,Done,BTBT_a=8.0_b=7.0_theta=40_cx=0_cy=0_cz=0_A1=0.0_A2=0.log,-1.9755332572385669,-0.5420933386776596
5.0,10.0,40.0,-35.75378787191585,-5.286483095260337,1,Done,BTBT_a=5.0_b=10.0_theta=40_cx=0_cy=0_cz=0_A1=0.0_A2=0.log,-0.1926267445087433,-7.111301000928506
4.5,9.5,40.0,-23.94937095604837,-1.5771585333859548,2,Done,BTBT_a=4.5_b=9.5_theta=40_cx=0_cy=0_cz=0_A1=0.0_A2=0.log,-0.2667168502230197,-8.553651561029255
4.5,9.5,45.0,-27.67414481472224,-3.68789509520866,1,Done,BTBT_a=4.5_b=9.5_theta=45.0_cx=0_cy=0_cz=0_A1=0.0_A2=0.log,-0.2257780979853123,-6.235504118958488
8.5,6.5,30.0,-36.17626525415108,-6.857234751805663,1,Done,BTBT_a=8.5_b=6.5_theta=30_cx=0_cy=0_cz=0_A1=0.0_A2=0.log,-4.146240949397907,-0.2274221740663051
11.0,4.5,55.0,-23.564268070738763,-1.3801141185685992,2,Done,BTBT_a=11.0_b=4.5_theta=55_cx=0_cy=0_cz=0_A1=0.0_A2=0.log,-8.9043480749242,-0.117557723307982
8.0,7.0,35.0,-35.606661876663566,-7.473242493229918,2,Done,BTBT_a=8.0_b=7.0_theta=35_cx=0_cy=0_cz=0_A1=0.0_A2=0.log,-2.4248178671114147,-0.4320280847605318
5.0,9.5,50.0,-37.55334849981591,-5.942908756085672,1,Done,BTBT_a=5.0_b=9.5_theta=50.0_cx=0_cy=0_cz=0_A1=0.0_A2=0.log,-0.1838980808388441,-6.706958656897768
5.0,10.0,50.0,-35.88774870708585,-5.551675096503459,2,Done,BTBT_a=5.0_b=10.0_theta=50_cx=0_cy=0_cz=0_A1=0.0_A2=0.log,-0.1335655036382377,-6.706958656897768
4.5,9.5,50.0,-19.888025836087763,-5.077352837659419,1,Done,BTBT_a=4.5_b=9.5_theta=50_cx=0_cy=0_cz=0_A1=0.0_A2=0.log,-0.1838980808388441,0.3945908381137997
5.0,9.5,45.0,-37.17468386609107,-5.42976872890722,2,Done,BTBT_a=5.0_b=9.5_theta=45_cx=0_cy=0_cz=0_A1=0.0_A2=0.log,-0.2257780979853123,-7.502026377245784
10.0,4.5,45.0,-21.03457445744425,-2.0588289346778765,1,Done,BTBT_a=10.0_b=4.5_theta=45.0_cx=0_cy=0_cz=0_A1=0.0_A2=0.log,-6.235504118958488,-0.1641252404078841
8.0,7.0,30.0,-35.64307000860572,-7.30382106883917,2,Done,BTBT_a=8.0_b=7.0_theta=30_cx=0_cy=0_cz=0_A1=0.0_A2=0.log,-2.874140127329156,-0.3397527392953634
10.0,4.5,40.0,-14.656663219444454,-3.7946784720988944,1,Done,BTBT_a=10.0_b=4.5_theta=40_cx=0_cy=0_cz=0_A1=0.0_A2=0.log,0.3945908381137997,-0.1335655036382377
11.5,4.5,45.0,-25.73854001797736,-3.2819212254835293,2,Done,BTBT_a=11.5_b=4.5_theta=45_cx=0_cy=0_cz=0_A1=0.0_A2=0.log,-6.235504118958488,-0.0699234390631318
5.0,9.0,50.0,-35.792931945063174,-5.465725051704794,2,Done,BTBT_a=5.0_b=9.0_theta=50.0_cx=0_cy=0_cz=0_A1=0.0_A2=0.log,-0.2580572122242301,-6.706958656897768
5.0,9.5,55.0,-30.42562556359917,-6.0176577476086095,1,Done,BTBT_a=5.0_b=9.5_theta=55_cx=0_cy=0_cz=0_A1=0.0_A2=0.log,-0.1436307639814913,-3.0338665226008743
5.5,9.0,55.0,-39.51443020207808,-6.705283205374144,2,Done,BTBT_a=5.5_b=9.0_theta=55.0_cx=0_cy=0_cz=0_A1=0.0_A2=0.log,-0.2034701176453381,-6.143178572645411
8.0,7.0,25.0,-35.04865488689393,-7.025601960136555,1,Done,BTBT_a=8.0_b=7.0_theta=25_cx=0_cy=0_cz=0_A1=0.0_A2=0.log,-3.208922987570986,-0.2642005356028676
11.5,4.5,55.0,-27.727370214182884,-2.435134131461382,2,Done,BTBT_a=11.5_b=4.5_theta=55_cx=0_cy=0_cz=0_A1=0.0_A2=0.log,-8.9043480749242,-0.0890687692444771
10.0,4.5,50.0,-13.877622103784232,0.903733626822941,1,Done,BTBT_a=10.0_b=4.5_theta=50_cx=0_cy=0_cz=0_A1=0.0_A2=0.log,-8.553651561029255,-0.1926267445087433
5.0,9.0,45.0,-31.56357729621232,-3.981293670716696,2,Done,BTBT_a=5.0_b=9.0_theta=45_cx=0_cy=0_cz=0_A1=0.0_A2=0.log,-0.317174929426983,-7.502026377245784
5.5,9.0,60.0,-34.59525381075218,-6.536790495389141,2,Done,BTBT_a=5.5_b=9.0_theta=60_cx=0_cy=0_cz=0_A1=0.0_A2=0.log,-0.1546059139072895,-4.06944000069052
7.5,7.5,45.0,-34.80228190775961,-7.682642580475658,1,Done,BTBT_a=7.5_b=7.5_theta=45_cx=0_cy=0_cz=0_A1=0.0_A2=0.log,-1.0179278964642435,-1.0179278964642435
6.0,8.0,55.0,-39.55509285023436,-7.082404165179469,1,Done,BTBT_a=6.0_b=8.0_theta=55_cx=0_cy=0_cz=0_A1=0.0_A2=0.log,-0.4320280847605318,-5.180710009997711
5.5,8.5,50.0,-36.6870081932284,-5.826976283453405,2,Done,BTBT_a=5.5_b=8.5_theta=50_cx=0_cy=0_cz=0_A1=0.0_A2=0.log,-0.3698732191696763,-6.319678310537711
5.5,8.5,55.0,-39.986380473244935,-6.778275168617256,1,Done,BTBT_a=5.5_b=8.5_theta=55.0_cx=0_cy=0_cz=0_A1=0.0_A2=0.log,-0.2934613267425447,-6.143178572645411
5.0,9.0,55.0,-31.68107227003202,-6.301599747384898,2,Done,BTBT_a=5.0_b=9.0_theta=55_cx=0_cy=0_cz=0_A1=0.0_A2=0.log,-0.2034701176453381,-3.0338665226008743
5.0,8.5,50.0,-26.69520411407575,-3.135385090485215,2,Done,BTBT_a=5.0_b=8.5_theta=50.0_cx=0_cy=0_cz=0_A1=0.0_A2=0.log,-0.3698732191696763,-6.706958656897768
7.5,7.5,40.0,-34.79873020434752,-7.660824058228172,1,Done,BTBT_a=7.5_b=7.5_theta=40_cx=0_cy=0_cz=0_A1=0.0_A2=0.log,-1.26205438724719,-0.8156625984702259
12.0,4.0,55.0,-25.361657514236867,-2.0537963045062497,2,Done,BTBT_a=12.0_b=4.0_theta=55.0_cx=0_cy=0_cz=0_A1=0.0_A2=0.log,-8.504743431461975,-0.0684927166439592
6.0,8.0,65.0,-39.4839457673952,-7.789225154207088,1,Done,BTBT_a=6.0_b=8.0_theta=65_cx=0_cy=0_cz=0_A1=0.0_A2=0.log,-0.2642005356028676,-3.899322039680556
5.5,8.5,60.0,-37.360564878210425,-7.191710132174194,1,Done,BTBT_a=5.5_b=8.5_theta=60_cx=0_cy=0_cz=0_A1=0.0_A2=0.log,-0.2274221740663051,-4.06944000069052
5.0,8.5,45.0,-16.007842851337045,-0.0230358921689912,2,Done,BTBT_a=5.0_b=8.5_theta=45_cx=0_cy=0_cz=0_A1=0.0_A2=0.log,-0.4558232640847564,-7.502026377245784
12.5,4.0,60.0,-29.056687396019697,-1.981557352934033,2,Done,BTBT_a=12.5_b=4.0_theta=60.0_cx=0_cy=0_cz=0_A1=0.0_A2=0.log,-10.511131355306134,-0.0540976368356496
12.0,4.0,50.0,-16.5564748425968,-2.626587432110682,2,Done,BTBT_a=12.0_b=4.0_theta=50_cx=0_cy=0_cz=0_A1=0.0_A2=0.log,-2.9621609547175467,-0.0629016023594886
12.5,4.0,55.0,-26.76607509376481,-2.4124747451860458,1,Done,BTBT_a=12.5_b=4.0_theta=55_cx=0_cy=0_cz=0_A1=0.0_A2=0.log,-8.504743431461975,-0.0533446250483393
5.5,8.0,60.0,-36.29772609192878,-6.869835152989253,1,Done,BTBT_a=5.5_b=8.0_theta=60.0_cx=0_cy=0_cz=0_A1=0.0_A2=0.log,-0.3397527392953634,-4.06944000069052
5.0,8.5,55.0,-28.19330893829465,-5.384663309901953,2,Done,BTBT_a=5.0_b=8.5_theta=55_cx=0_cy=0_cz=0_A1=0.0_A2=0.log,-0.2934613267425447,-3.0338665226008743
6.0,7.5,60.0,-37.91701564611867,-6.628758361097425,1,Done,BTBT_a=6.0_b=7.5_theta=60.0_cx=0_cy=0_cz=0_A1=0.0_A2=0.log,-0.5174133703112602,-5.183577730553225
5.5,8.0,55.0,-34.41128042899072,-5.315216778544709,2,Done,BTBT_a=5.5_b=8.0_theta=55_cx=0_cy=0_cz=0_A1=0.0_A2=0.log,-0.4320280847605318,-6.143178572645411
12.0,4.0,60.0,-25.16227248497308,-0.9999936608364806,2,Done,BTBT_a=12.0_b=4.0_theta=60_cx=0_cy=0_cz=0_A1=0.0_A2=0.log,-10.511131355306134,-0.0700175655074417
12.5,4.0,65.0,-26.515723704360425,-1.247163574793376,1,Done,BTBT_a=12.5_b=4.0_theta=65_cx=0_cy=0_cz=0_A1=0.0_A2=0.log,-10.712235760176554,-0.0512989424169063
6.0,7.5,55.0,-31.537422681692988,-4.968630455201492,1,Done,BTBT_a=6.0_b=7.5_theta=55_cx=0_cy=0_cz=0_A1=0.0_A2=0.log,-0.6507404204457998,-5.180710009997711
5.0,8.5,60.0,-13.649233563803136,-6.658640387118794,2,Done,BTBT_a=5.0_b=8.5_theta=60_cx=0_cy=0_cz=0_A1=0.0_A2=0.log,-0.2274221740663051,6.720086166402325
5.5,8.0,65.0,-27.580081066582352,-7.6482111068908125,2,Done,BTBT_a=5.5_b=8.0_theta=65_cx=0_cy=0_cz=0_A1=0.0_A2=0.log,-0.2642005356028676,1.770582216093317
13.0,4.0,55.0,-26.48900432791561,-2.3488766066730022,1,Done,BTBT_a=13.0_b=4.0_theta=55_cx=0_cy=0_cz=0_A1=0.0_A2=0.log,-8.504743431461975,-0.0420055191498249
5.5,7.5,55.0,-16.45380165753886,-0.7164909178391099,2,Done,BTBT_a=5.5_b=7.5_theta=55_cx=0_cy=0_cz=0_A1=0.0_A2=0.log,-0.6507404204457998,-6.143178572645411
5.5,7.5,60.0,-26.31047773407772,-4.28419274801854,1,Done,BTBT_a=5.5_b=7.5_theta=60.0_cx=0_cy=0_cz=0_A1=0.0_A2=0.log,-0.5174133703112602,-4.06944000069052
13.0,3.5,60.0,-10.713013872969896,-1.845099028549157,2,Done,BTBT_a=13.0_b=3.5_theta=60_cx=0_cy=0_cz=0_A1=0.0_A2=0.log,-1.6240021551493555,-0.0423067242372781
13.0,3.5,65.0,-18.02975537162274,-1.2697539345826954,2,Done,BTBT_a=13.0_b=3.5_theta=65.0_cx=0_cy=0_cz=0_A1=0.0_A2=0.log,-6.435654708649963,-0.0397151079960167
13.5,3.5,65.0,-20.391012751031667,-1.8643761357525364,1,Done,BTBT_a=13.5_b=3.5_theta=65.0_cx=0_cy=0_cz=0_A1=0.0_A2=0.log,-6.435654708649963,-0.0310993953607976
6.0,7.5,65.0,-39.407527598086745,-7.696548202075064,1,Done,BTBT_a=6.0_b=7.5_theta=65_cx=0_cy=0_cz=0_A1=0.0_A2=0.log,-0.4113453552126884,-3.899322039680556
13.0,4.0,65.0,-29.452445404138416,-1.9871359169483185,2,Done,BTBT_a=13.0_b=4.0_theta=65_cx=0_cy=0_cz=0_A1=0.0_A2=0.log,-10.712235760176554,-0.0397151079960167
13.5,3.5,60.0,-11.448668946046382,-2.0334398798877373,2,Done,BTBT_a=13.5_b=3.5_theta=60_cx=0_cy=0_cz=0_A1=0.0_A2=0.log,-1.6240021551493555,-0.0334525580983608
13.0,3.5,70.0,-17.212210243102163,-0.4614645789843052,2,Done,BTBT_a=13.0_b=3.5_theta=70_cx=0_cy=0_cz=0_A1=0.0_A2=0.log,-7.648480935953557,-0.0346950276289135
5.5,7.5,65.0,-23.99164003087208,-6.677528438158333,1,Done,BTBT_a=5.5_b=7.5_theta=65_cx=0_cy=0_cz=0_A1=0.0_A2=0.log,-0.4113453552126884,1.770582216093317
13.5,4.0,60.0,-29.780783736146983,-2.1729039773345,1,Done,BTBT_a=13.5_b=4.0_theta=60_cx=0_cy=0_cz=0_A1=0.0_A2=0.log,-10.511131355306134,-0.0334525580983608
6.0,7.5,70.0,-34.0571388839744,-8.188716845354065,1,Done,BTBT_a=6.0_b=7.5_theta=70_cx=0_cy=0_cz=0_A1=0.0_A2=0.log,-0.3287964146584272,-0.3223393366206437
14.0,3.5,65.0,-20.65259657008573,-1.933013179455884,2,Done,BTBT_a=14.0_b=3.5_theta=65_cx=0_cy=0_cz=0_A1=0.0_A2=0.log,-6.435654708649963,-0.0246172174811363
14.0,3.5,70.0,-22.837912695016712,-1.874755151220597,2,Done,BTBT_a=14.0_b=3.5_theta=70.0_cx=0_cy=0_cz=0_A1=0.0_A2=0.log,-7.648480935953557,-0.0209651091136038
13.5,3.5,70.0,-21.54297050833702,-1.5480859952513129,2,Done,BTBT_a=13.5_b=3.5_theta=70_cx=0_cy=0_cz=0_A1=0.0_A2=0.log,-7.648480935953557,-0.0268323277123272
13.5,4.0,70.0,-28.316903308033943,-2.011012672446668,1,Done,BTBT_a=13.5_b=4.0_theta=70_cx=0_cy=0_cz=0_A1=0.0_A2=0.log,-10.109593981411308,-0.0268323277123272
14.0,3.5,75.0,-21.347337990999225,-1.7482177595375106,2,Done,BTBT_a=14.0_b=3.5_theta=75_cx=0_cy=0_cz=0_A1=0.0_A2=0.log,-7.16071741329506,-0.0165160631295293
13.5,3.5,75.0,-18.929792965762317,-1.141334013431333,2,Done,BTBT_a=13.5_b=3.5_theta=75_cx=0_cy=0_cz=0_A1=0.0_A2=0.log,-7.16071741329506,-0.021511042723432183
